<?xml version="1.0" encoding="UTF-8"?>
<?atoc version='0.0.1'?>
<atoc>
<summary  count="485"  totalSize="53329997" >
<digs da="MD5"  count="503" />
<digs da="MD5"  count="-18" />
</summary>
<cset n="native" >
<summary  count="0" >
<digs da="MD5"  count="18" />
<digs da="MD5"  count="-18" />
</summary>
</cset>
<cset n="eclipse" >
<summary  count="485"  totalSize="53329997" >
<digs da="MD5"  count="485" />
</summary>
<cset q="plugin"  href="nq/eclipse_plugin.xml" >
<summary  count="485"  totalSize="53329997" >
<digs da="MD5"  count="485" />
</summary>
</cset>
</cset></atoc>