<?xml version="1.0" encoding="UTF-8"?>
<?atoc version='0.0.1'?>
<cset q="plugin" >
<summary  count="10"  totalSize="4590877" >
<digs da="MD5"  count="10" />
</summary>
<cset id="com.ibm.cic*" >
<summary  count="6"  totalSize="1375572" >
<digs da="MD5"  count="6" />
</summary>
<cset v="1.*" >
<summary  count="3"  totalSize="263131" >
<digs da="MD5"  count="3" />
</summary>
<cset p="*" >
<summary  count="3"  totalSize="263131" >
<digs da="MD5"  count="3" />
</summary>
<af id="com.ibm.cic.agent.core.nativeInstallAdapter.win32"  v="1.2.13.v20120806_1948"  p=""  ex="true"  sz="71092" >
<dig da="MD5"  dv="3d8bcfafd0715543c74e9f905be4c3fa" />

</af>
<af id="com.ibm.cic.common.core.win32"  v="1.0.12.v20120806_1948"  p=""  ex="true"  sz="159287" >
<dig da="MD5"  dv="43aa9efc44fd5aad37b7a465cddb1cbb" />

</af>
<af id="com.ibm.cic.common.transports.httpclient.win32"  v="1.0.3.v20120806_1948"  p=""  ex="true"  sz="32752" >
<dig da="MD5"  dv="a92b3e5eb5fcfb821e798bf360b46d18" />

</af>
</cset>
</cset>
<cset v="7.*" >
<summary  count="2"  totalSize="495177" >
<digs da="MD5"  count="2" />
</summary>
<cset p="*" >
<summary  count="2"  totalSize="495177" >
<digs da="MD5"  count="2" />
</summary>
<af id="com.ibm.cic.licensing.flexlm"  v="7.1.144.v20120806_1948"  p=""  ex="true"  sz="458550" >
<dig da="MD5"  dv="b4da4e2710e154492c323488e084631f" />

</af>
<af id="com.ibm.cic.licensing.lum"  v="7.0.200.v20110105_1929"  p=""  ex="true"  sz="36627" >
<dig da="MD5"  dv="dafc1e10312eb60976d780d5f508bd73" />

</af>
</cset>
</cset>
<cset v="8.*" >
<summary  count="1"  totalSize="617264" >
<digs da="MD5"  count="1" />
</summary>
<cset p="*" >
<summary  count="1"  totalSize="617264" >
<digs da="MD5"  count="1" />
</summary>
<af id="com.ibm.cic.licensing.lum.win32"  v="8.1.1006.v20110330_2243"  p=""  ex="true"  sz="617264" >
<dig da="MD5"  dv="85945df8fb5706b176236fb36f4731b9" />

</af>
</cset>
</cset>
</cset>
<cset id="com.ibm.ws*" >
<summary  count="1"  totalSize="1156189" >
<digs da="MD5"  count="1" />
</summary>
<cset v="1.*" >
<summary  count="1"  totalSize="1156189" >
<digs da="MD5"  count="1" />
</summary>
<cset p="*" >
<summary  count="1"  totalSize="1156189" >
<digs da="MD5"  count="1" />
</summary>
<af id="com.ibm.ws.pak.internal"  v="1.0.7.v20120806_1948"  p=""  ex="true"  sz="1156189" >
<dig da="MD5"  dv="a2deaa45e27fa4f1e60024bb20586d61" />

</af>
</cset>
</cset>
</cset>
<cset id="org.apache.ant*" >
<summary  count="1"  totalSize="2016913" >
<digs da="MD5"  count="1" />
</summary>
<cset v="1.*" >
<summary  count="1"  totalSize="2016913" >
<digs da="MD5"  count="1" />
</summary>
<cset p="*" >
<summary  count="1"  totalSize="2016913" >
<digs da="MD5"  count="1" />
</summary>
<af id="org.apache.ant"  v="1.7.1.v20100518-1145"  p=""  ex="true"  sz="2016913" >
<dig da="MD5"  dv="e8249e49733acc0a9beca8a682bae7e2" />

</af>
</cset>
</cset>
</cset>
<cset id="org.eclipse.core*" >
<summary  count="1"  totalSize="16774" >
<digs da="MD5"  count="1" />
</summary>
<cset v="3.*" >
<summary  count="1"  totalSize="16774" >
<digs da="MD5"  count="1" />
</summary>
<cset p="*" >
<summary  count="1"  totalSize="16774" >
<digs da="MD5"  count="1" />
</summary>
<af id="org.eclipse.core.runtime.compatibility.registry"  v="3.3.0.v20100520"  p=""  ex="true"  sz="16774" >
<dig da="MD5"  dv="bb58d2aeee878fa42fd69317ffbff0e3" />

</af>
</cset>
</cset>
</cset>
<cset id="org.eclipse.equinox*" >
<summary  count="1"  totalSize="25429" >
<digs da="MD5"  count="1" />
</summary>
<cset v="1.*" >
<summary  count="1"  totalSize="25429" >
<digs da="MD5"  count="1" />
</summary>
<cset p="*" >
<summary  count="1"  totalSize="25429" >
<digs da="MD5"  count="1" />
</summary>
<af id="org.eclipse.equinox.launcher.win32.win32.x86"  v="1.1.0.v20100503"  p=""  ex="true"  sz="25429" >
<dig da="MD5"  dv="da20b7fea09d89c231ca64d59168dabc" />

</af>
</cset>
</cset>
</cset>
</cset>