<?xml version="1.0" encoding="UTF-8"?>
<?atoc version='0.0.1'?>
<cset q="plugin" >
<summary  count="485"  totalSize="53329997" >
<digs da="MD5"  count="485" />
</summary>
<cset id="com.ibm.ccl*" >
<summary  count="5"  totalSize="615577" >
<digs da="MD5"  count="5" />
</summary>
<cset v="1.*" >
<summary  count="3"  totalSize="245532" >
<digs da="MD5"  count="3" />
</summary>
<cset p="*" >
<summary  count="3"  totalSize="245532" >
<digs da="MD5"  count="3" />
</summary>
<af id="com.ibm.ccl.feedreader"  v="1.0.5.v20101007_2150"  p=""  ex="false"  sz="27996" >
<dig da="MD5"  dv="06f45b77f2aaae55ac3e62d8172adf35" />

</af>
<af id="com.ibm.ccl.org.apache.commons.logging"  v="1.0.4.v20090722_0421"  p=""  ex="false"  sz="38171" >
<dig da="MD5"  dv="465a4f7aa2a07b46b3f44e8e256a2e3a" />

</af>
<af id="com.ibm.ccl.org.apache.commons.net"  v="1.4.1.v20090722_0421"  p=""  ex="false"  sz="179365" >
<dig da="MD5"  dv="cf9561b13e40dab328d2499d74ee469e" />

</af>
</cset>
</cset>
<cset v="3.*" >
<summary  count="1"  totalSize="305054" >
<digs da="MD5"  count="1" />
</summary>
<cset p="*" >
<summary  count="1"  totalSize="305054" >
<digs da="MD5"  count="1" />
</summary>
<af id="com.ibm.ccl.org.apache.commons.httpclient"  v="3.1.0.v20090722_0421"  p=""  ex="false"  sz="305054" >
<dig da="MD5"  dv="96836eae5380785464a9f3c21aed8a3a" />

</af>
</cset>
</cset>
<cset v="2.*" >
<summary  count="1"  totalSize="64991" >
<digs da="MD5"  count="1" />
</summary>
<cset p="*" >
<summary  count="1"  totalSize="64991" >
<digs da="MD5"  count="1" />
</summary>
<af id="com.ibm.ccl.org.apache.oro"  v="2.0.8.v20090722_0421"  p=""  ex="false"  sz="64991" >
<dig da="MD5"  dv="de33dd7d5484b04b9cf3b0eaa9e6fa3b" />

</af>
</cset>
</cset>
</cset>
<cset id="com.ibm.cic*" >
<summary  count="213"  totalSize="18829050" >
<digs da="MD5"  count="213" />
</summary>
<cset v="1.*" >
<summary  count="177"  totalSize="16182425" >
<digs da="MD5"  count="177" />
</summary>
<cset p="*" >
<summary  count="177"  totalSize="16182425" >
<digs da="MD5"  count="177" />
</summary>
<af id="com.ibm.cic.agent.core"  v="1.6.1.v20121109_1731"  p=""  ex="false"  sz="1802678" >
<dig da="MD5"  dv="ff394ef6725fb6a050154c0c478e6776" />

</af>
<af id="com.ibm.cic.agent.core.antInstallAdapter"  v="1.3.1.v20120806_1948"  p=""  ex="false"  sz="15996" >
<dig da="MD5"  dv="ebb19c3f8336b0a20482b974c481a921" />

</af>
<af id="com.ibm.cic.agent.core.antInstallAdapter.nl1"  v="1.3.1.v201208281112"  p=""  ex="false"  sz="23893" >
<dig da="MD5"  dv="0903f2d695d4dfa436011278c4c9464b" />

</af>
<af id="com.ibm.cic.agent.core.antInstallAdapter.nl2"  v="1.3.1.v201208291037"  p=""  ex="false"  sz="11086" >
<dig da="MD5"  dv="050059957032f0fba0236e4e5b1c44d1" />

</af>
<af id="com.ibm.cic.agent.core.antInstallAdapter.nl2a"  v="1.3.1.v201208221330"  p=""  ex="false"  sz="8897" >
<dig da="MD5"  dv="8d296ef2e5d38210972653447f203aff" />

</af>
<af id="com.ibm.cic.agent.core.antInstallAdapter.nl2bidi"  v="1.3.1.v201208191231"  p=""  ex="false"  sz="4805" >
<dig da="MD5"  dv="ec57d5ad04cf31aa004ac1066b2e09e1" />

</af>
<af id="com.ibm.cic.agent.core.commonNativeInstallAdapter"  v="1.2.12.v20121006_0625"  p=""  ex="false"  sz="125977" >
<dig da="MD5"  dv="6694112d1b92ff688333459b532e6189" />

</af>
<af id="com.ibm.cic.agent.core.commonNativeInstallAdapter.nl1"  v="1.2.14.v201208281112"  p=""  ex="false"  sz="54490" >
<dig da="MD5"  dv="c4ee91c9556d13924798bb21b16aa383" />

</af>
<af id="com.ibm.cic.agent.core.commonNativeInstallAdapter.nl2"  v="1.2.11.v201208291037"  p=""  ex="false"  sz="24393" >
<dig da="MD5"  dv="842d47a6314a392454ae405e5a9780f0" />

</af>
<af id="com.ibm.cic.agent.core.commonNativeInstallAdapter.nl2a"  v="1.2.15.v201208221330"  p=""  ex="false"  sz="18752" >
<dig da="MD5"  dv="df3a85939b66743506e2c734d1b69928" />

</af>
<af id="com.ibm.cic.agent.core.commonNativeInstallAdapter.nl2bidi"  v="1.2.10.v201208191231"  p=""  ex="false"  sz="8267" >
<dig da="MD5"  dv="99e09458529a135e77f23caccdb2a7dc" />

</af>
<af id="com.ibm.cic.agent.core.eclipseInstallAdaptor"  v="1.1.19.v20120806_1948"  p=""  ex="false"  sz="204024" >
<dig da="MD5"  dv="a4fd09322b4045acb5979f99fc352742" />

</af>
<af id="com.ibm.cic.agent.core.eclipseInstallAdaptor.nl1"  v="1.1.18.v201208281112"  p=""  ex="false"  sz="70336" >
<dig da="MD5"  dv="6541b1f3c33eaf66f6aed1e2de341759" />

</af>
<af id="com.ibm.cic.agent.core.eclipseInstallAdaptor.nl2"  v="1.1.18.v201208291037"  p=""  ex="false"  sz="31662" >
<dig da="MD5"  dv="cad5ed274c5c00c24866bd2a81be347e" />

</af>
<af id="com.ibm.cic.agent.core.eclipseInstallAdaptor.nl2a"  v="1.1.18.v201208221330"  p=""  ex="false"  sz="24466" >
<dig da="MD5"  dv="026cc67ed72894090038cfe9a8f58225" />

</af>
<af id="com.ibm.cic.agent.core.eclipseInstallAdaptor.nl2bidi"  v="1.1.18.v201208191231"  p=""  ex="false"  sz="10901" >
<dig da="MD5"  dv="b09b4cdc0aeb1dfa84b545af6402d744" />

</af>
<af id="com.ibm.cic.agent.core.executeInstallAdapter"  v="1.2.9.v20120806_1948"  p=""  ex="false"  sz="11829" >
<dig da="MD5"  dv="a365d6d3e237ee88699b8a5607931e08" />

</af>
<af id="com.ibm.cic.agent.core.executeInstallAdapter.nl1"  v="1.2.8.v201208281113"  p=""  ex="false"  sz="14839" >
<dig da="MD5"  dv="28a0e24f006ad73110e70a34c649fe76" />

</af>
<af id="com.ibm.cic.agent.core.executeInstallAdapter.nl2"  v="1.2.8.v201208291037"  p=""  ex="false"  sz="6504" >
<dig da="MD5"  dv="06f4022aef707791c1c862611b23cb79" />

</af>
<af id="com.ibm.cic.agent.core.executeInstallAdapter.nl2a"  v="1.2.7.v201108081655"  p=""  ex="false"  sz="5053" >
<dig da="MD5"  dv="fdb5d692e864cb756a3736580bf8de05" />

</af>
<af id="com.ibm.cic.agent.core.executeInstallAdapter.nl2bidi"  v="1.2.7.v201108081655"  p=""  ex="false"  sz="2377" >
<dig da="MD5"  dv="0f6f3a149a7257ff9984abf8cde602fe" />

</af>
<af id="com.ibm.cic.agent.core.nativeInstallAdapter"  v="1.2.13.v20120806_1948"  p=""  ex="false"  sz="48068" >
<dig da="MD5"  dv="782475b329372940403878cb2443459a" />

</af>
<af id="com.ibm.cic.agent.core.nativeInstallAdapter.nl1"  v="1.2.14.v201208281113"  p=""  ex="false"  sz="31805" >
<dig da="MD5"  dv="30bfc39668a0f0a90728bf6cced10a7b" />

</af>
<af id="com.ibm.cic.agent.core.nativeInstallAdapter.nl2"  v="1.2.13.v201208291037"  p=""  ex="false"  sz="14617" >
<dig da="MD5"  dv="18f14bd870160b2177988d8a898821d0" />

</af>
<af id="com.ibm.cic.agent.core.nativeInstallAdapter.nl2a"  v="1.2.15.v201208221330"  p=""  ex="false"  sz="11771" >
<dig da="MD5"  dv="ac7af7742f5e3eb2765d116de1df66d4" />

</af>
<af id="com.ibm.cic.agent.core.nativeInstallAdapter.nl2bidi"  v="1.2.13.v201208191231"  p=""  ex="false"  sz="5962" >
<dig da="MD5"  dv="bd16e8c109fa1b39360a7d403505629b" />

</af>
<af id="com.ibm.cic.agent.core.nativeInstallAdapter.win32.nl1"  v="1.2.13.v201208221402"  p=""  ex="false"  sz="29147" >
<dig da="MD5"  dv="09ed85e0c51567f8ffb3c0c8f571ac9f" />

</af>
<af id="com.ibm.cic.agent.core.nativeInstallAdapter.win32.nl2"  v="1.2.13.v201208291037"  p=""  ex="false"  sz="13749" >
<dig da="MD5"  dv="3183ff910c76aac6fa9a0aede88dc3e2" />

</af>
<af id="com.ibm.cic.agent.core.nativeInstallAdapter.win32.nl2a"  v="1.2.12.v201201231709"  p=""  ex="false"  sz="11171" >
<dig da="MD5"  dv="06cbff262465e6a030a3a5d659e8af4c" />

</af>
<af id="com.ibm.cic.agent.core.nativeInstallAdapter.win32.nl2bidi"  v="1.2.12.v201202130915"  p=""  ex="false"  sz="5987" >
<dig da="MD5"  dv="d427b1d9e50bac99ab0ac8a37784663d" />

</af>
<af id="com.ibm.cic.agent.core.nl1"  v="1.6.0.v201208281112"  p=""  ex="false"  sz="427619" >
<dig da="MD5"  dv="c1926689e276d5b72b1036c91846a41d" />

</af>
<af id="com.ibm.cic.agent.core.nl2"  v="1.6.0.v201208291037"  p=""  ex="false"  sz="191075" >
<dig da="MD5"  dv="a257e3e6dba467f7cdc6d065bb85855f" />

</af>
<af id="com.ibm.cic.agent.core.nl2a"  v="1.6.0.v201208221330"  p=""  ex="false"  sz="146109" >
<dig da="MD5"  dv="25f17d530a04584dbaf35eacf6a0e71c" />

</af>
<af id="com.ibm.cic.agent.core.nl2bidi"  v="1.6.0.v201208191231"  p=""  ex="false"  sz="54680" >
<dig da="MD5"  dv="acb2a2745508ce1263ef25f41492c8ae" />

</af>
<af id="com.ibm.cic.agent.core.p2"  v="1.0.10.v20120806_1948"  p=""  ex="false"  sz="76803" >
<dig da="MD5"  dv="2fea19690b9035bfa2329521f2ce6f2e" />

</af>
<af id="com.ibm.cic.agent.core.p2.nl1"  v="1.0.8.v201108081655"  p=""  ex="false"  sz="18746" >
<dig da="MD5"  dv="1a8f0e3b5f746d90dd8a75dede8aede7" />

</af>
<af id="com.ibm.cic.agent.core.p2.nl2"  v="1.0.9.v201208291037"  p=""  ex="false"  sz="9205" >
<dig da="MD5"  dv="f7ec587c3a40cea3f0caafe0914ed13b" />

</af>
<af id="com.ibm.cic.agent.core.p2.nl2a"  v="1.0.8.v201108081655"  p=""  ex="false"  sz="7491" >
<dig da="MD5"  dv="ceaefe55d97c48ca19ac885f81210c6f" />

</af>
<af id="com.ibm.cic.agent.core.p2.nl2bidi"  v="1.0.8.v201108081655"  p=""  ex="false"  sz="4348" >
<dig da="MD5"  dv="c4915490057a12aeb3cc7625acc4e8b3" />

</af>
<af id="com.ibm.cic.agent.core.pakInstallAdapter"  v="1.0.5.v20110824_1848"  p=""  ex="false"  sz="14507" >
<dig da="MD5"  dv="caf513c30c0ffa54a34a00baa4ac17ec" />

</af>
<af id="com.ibm.cic.agent.core.pakInstallAdapter.nl1"  v="1.0.5.v201108081655"  p=""  ex="false"  sz="9442" >
<dig da="MD5"  dv="f0a9c3ec75ced2086ed55dbbba49529d" />

</af>
<af id="com.ibm.cic.agent.core.pakInstallAdapter.nl2"  v="1.0.5.v201108081655"  p=""  ex="false"  sz="5419" >
<dig da="MD5"  dv="a762d874be1ff76b0a7cbaa1e2689788" />

</af>
<af id="com.ibm.cic.agent.core.pakInstallAdapter.nl2a"  v="1.0.5.v201108081655"  p=""  ex="false"  sz="4742" >
<dig da="MD5"  dv="d5cca305ca916ebedf26c276577acbac" />

</af>
<af id="com.ibm.cic.agent.core.pakInstallAdapter.nl2bidi"  v="1.0.5.v201108081655"  p=""  ex="false"  sz="3400" >
<dig da="MD5"  dv="acd39756b9c42d41cb91923ca3a35bd3" />

</af>
<af id="com.ibm.cic.agent.credential.client"  v="1.0.5.v20110815_1426"  p=""  ex="false"  sz="8238" >
<dig da="MD5"  dv="3949f58def031160836696b8f24d1322" />

</af>
<af id="com.ibm.cic.agent.credential.client.nl1"  v="1.0.6.v201208281113"  p=""  ex="false"  sz="23455" >
<dig da="MD5"  dv="13c19233eb858dbba41af812f42853ce" />

</af>
<af id="com.ibm.cic.agent.credential.client.nl2"  v="1.0.6.v201208291037"  p=""  ex="false"  sz="11122" >
<dig da="MD5"  dv="fa172517300b2174f4583962a75407a8" />

</af>
<af id="com.ibm.cic.agent.credential.client.nl2a"  v="1.0.5.v201108081655"  p=""  ex="false"  sz="9032" >
<dig da="MD5"  dv="dbca17e5d0e10db2e616cfc1a1eb23ac" />

</af>
<af id="com.ibm.cic.agent.credential.client.nl2bidi"  v="1.0.5.v201108081655"  p=""  ex="false"  sz="4980" >
<dig da="MD5"  dv="3e7cfb1822441bc20c6237e4f64409a7" />

</af>
<af id="com.ibm.cic.agent.cshelp"  v="1.0.1.v20120809_1526"  p=""  ex="false"  sz="11250" >
<dig da="MD5"  dv="9dd46d597a129309a5642ca809c501b5" />

</af>
<af id="com.ibm.cic.agent.cshelp.nl1"  v="1.0.1.v20120809_1526"  p=""  ex="false"  sz="71535" >
<dig da="MD5"  dv="d2c9602f6ca394732c50e87960398a35" />

</af>
<af id="com.ibm.cic.agent.cshelp.nl2"  v="1.0.1.v20120809_1526"  p=""  ex="false"  sz="69913" >
<dig da="MD5"  dv="205ce7f5aa66ca4bc1022f4d58391aec" />

</af>
<af id="com.ibm.cic.agent.ui"  v="1.4.7.v20121022_1808"  p=""  ex="false"  sz="4151000" >
<dig da="MD5"  dv="5d443c25ca45dc6d7b8b6da09cb2f191" />

</af>
<af id="com.ibm.cic.agent.ui.doc"  v="1.0.5.v20121108_1909"  p=""  ex="false"  sz="138997" >
<dig da="MD5"  dv="932e86bc2e6edf637f5854802000941c" />

</af>
<af id="com.ibm.cic.agent.ui.nl1"  v="1.4.12.v201208221403"  p=""  ex="false"  sz="1040370" >
<dig da="MD5"  dv="071feaee803012e5f91f820594fff6ae" />

</af>
<af id="com.ibm.cic.agent.ui.nl2"  v="1.4.10.v201208291037"  p=""  ex="false"  sz="366584" >
<dig da="MD5"  dv="276b3c56a944f04451057be9a7e4f836" />

</af>
<af id="com.ibm.cic.agent.ui.nl2a"  v="1.4.11.v201208221331"  p=""  ex="false"  sz="352571" >
<dig da="MD5"  dv="17a360911b1f1752e68e73eed2deadda" />

</af>
<af id="com.ibm.cic.agent.ui.nl2bidi"  v="1.4.6.v201208191231"  p=""  ex="false"  sz="119121" >
<dig da="MD5"  dv="7d10ddbe3e5e1fd3e0fcaa520db86b5a" />

</af>
<af id="com.ibm.cic.common.antAdapterData"  v="1.0.10.v20120806_1948"  p=""  ex="false"  sz="9471" >
<dig da="MD5"  dv="f1a8552481d1ce30ad4f40e23248ccb8" />

</af>
<af id="com.ibm.cic.common.antAdapterData.nl1"  v="1.0.9.v201208281114"  p=""  ex="false"  sz="14833" >
<dig da="MD5"  dv="d48454f39f37d230fa7192f19cf3280b" />

</af>
<af id="com.ibm.cic.common.antAdapterData.nl2"  v="1.0.9.v201208291038"  p=""  ex="false"  sz="6478" >
<dig da="MD5"  dv="bc494c974ec1b6081c8731c9a0411fdd" />

</af>
<af id="com.ibm.cic.common.antAdapterData.nl2a"  v="1.0.8.v201108081655"  p=""  ex="false"  sz="5046" >
<dig da="MD5"  dv="64eb41cd2a25d535d3b5b6bfe60d6ffe" />

</af>
<af id="com.ibm.cic.common.antAdapterData.nl2bidi"  v="1.0.8.v201108081655"  p=""  ex="false"  sz="2370" >
<dig da="MD5"  dv="e5e4cd39295c2e0bfa350c6bf7735eb7" />

</af>
<af id="com.ibm.cic.common.commonNativeAdapterData"  v="1.4.8.v20120806_1948"  p=""  ex="false"  sz="64436" >
<dig da="MD5"  dv="7c4b6d8dc3b5bf4325ee1266e0856fd6" />

</af>
<af id="com.ibm.cic.common.commonNativeAdapterData.nl1"  v="1.4.6.v201208281114"  p=""  ex="false"  sz="23555" >
<dig da="MD5"  dv="51b1edf31260576556a31bfc33d89105" />

</af>
<af id="com.ibm.cic.common.commonNativeAdapterData.nl2"  v="1.4.6.v201208291038"  p=""  ex="false"  sz="10995" >
<dig da="MD5"  dv="e6d68592899aede176c5e99c2a57369f" />

</af>
<af id="com.ibm.cic.common.commonNativeAdapterData.nl2a"  v="1.4.5.v201108081655"  p=""  ex="false"  sz="8865" >
<dig da="MD5"  dv="618eb785d5399f54575bc57121af7cb3" />

</af>
<af id="com.ibm.cic.common.commonNativeAdapterData.nl2bidi"  v="1.4.5.v201108081655"  p=""  ex="false"  sz="4792" >
<dig da="MD5"  dv="f2b1dbcd933dd5f9d15842b0bb7cef7d" />

</af>
<af id="com.ibm.cic.common.core"  v="1.12.6.v20121109_1731"  p=""  ex="false"  sz="2701319" >
<dig da="MD5"  dv="b7402009bd5648c49b703b08f62aa038" />

</af>
<af id="com.ibm.cic.common.core.iwm"  v="1.2.4.v20120806_1948"  p=""  ex="false"  sz="26813" >
<dig da="MD5"  dv="2767b696e19ad39e64543551fdb10cd3" />

</af>
<af id="com.ibm.cic.common.core.iwm.nl1"  v="1.2.4.v201208281114"  p=""  ex="false"  sz="25082" >
<dig da="MD5"  dv="2008c9855c38db0b07f71b5eb44b7add" />

</af>
<af id="com.ibm.cic.common.core.iwm.nl2"  v="1.2.4.v201208291038"  p=""  ex="false"  sz="11887" >
<dig da="MD5"  dv="73eb0f8a19b7aed66063b9e1ab30c378" />

</af>
<af id="com.ibm.cic.common.core.iwm.nl2a"  v="1.2.3.v201108081655"  p=""  ex="false"  sz="9546" >
<dig da="MD5"  dv="2f16c1087b46be668c8b0a4e8ec8a299" />

</af>
<af id="com.ibm.cic.common.core.iwm.nl2bidi"  v="1.2.3.v201108081655"  p=""  ex="false"  sz="5179" >
<dig da="MD5"  dv="5419f797ec78f59e587f729abb541e34" />

</af>
<af id="com.ibm.cic.common.core.nl1"  v="1.12.9.v201208281114"  p=""  ex="false"  sz="416413" >
<dig da="MD5"  dv="5dc14d3d32e37dc62ff1afbe721a4642" />

</af>
<af id="com.ibm.cic.common.core.nl2"  v="1.12.7.v201208291038"  p=""  ex="false"  sz="181316" >
<dig da="MD5"  dv="3951449d2f2be6489a71478be7ed7756" />

</af>
<af id="com.ibm.cic.common.core.nl2a"  v="1.12.8.v201208221331"  p=""  ex="false"  sz="139265" >
<dig da="MD5"  dv="cb6d1c6e4f60085b9747d210f3e2dbcf" />

</af>
<af id="com.ibm.cic.common.core.nl2bidi"  v="1.12.3.v201208191232"  p=""  ex="false"  sz="54081" >
<dig da="MD5"  dv="9ec4516e82e381a3ff8e537757d733da" />

</af>
<af id="com.ibm.cic.common.core.nl3"  v="1.12.5.v201111091111"  p=""  ex="false"  sz="4272" >
<dig da="MD5"  dv="d3182d93c9d73b2337f5506c27e3d238" />

</af>
<af id="com.ibm.cic.common.eclipseAdapterData"  v="1.1.12.v20120806_1948"  p=""  ex="false"  sz="33196" >
<dig da="MD5"  dv="3a57c5cf56263cc54f97811a3e86289c" />

</af>
<af id="com.ibm.cic.common.eclipseAdapterData.nl1"  v="1.1.11.v201208281114"  p=""  ex="false"  sz="25602" >
<dig da="MD5"  dv="28461556d95d44c02bc77a6584280ff3" />

</af>
<af id="com.ibm.cic.common.eclipseAdapterData.nl2"  v="1.1.11.v201208291038"  p=""  ex="false"  sz="11883" >
<dig da="MD5"  dv="8cc2e9f0880ce12ec5d2003127d97370" />

</af>
<af id="com.ibm.cic.common.eclipseAdapterData.nl2a"  v="1.1.10.v201108081655"  p=""  ex="false"  sz="9517" >
<dig da="MD5"  dv="ce72a96a5d9785f9206db76c4c8203b8" />

</af>
<af id="com.ibm.cic.common.eclipseAdapterData.nl2bidi"  v="1.1.10.v201108081655"  p=""  ex="false"  sz="5025" >
<dig da="MD5"  dv="06e6ea736866f3b4f797d42357cee5fe" />

</af>
<af id="com.ibm.cic.common.executeAdapterData"  v="1.0.9.v20120806_1948"  p=""  ex="false"  sz="18093" >
<dig da="MD5"  dv="998332c45a9e18bc3ae5541dac44ff74" />

</af>
<af id="com.ibm.cic.common.executeAdapterData.nl1"  v="1.0.8.v201208281114"  p=""  ex="false"  sz="14954" >
<dig da="MD5"  dv="89f4664d63914b8f8a0614b509bd6bb2" />

</af>
<af id="com.ibm.cic.common.executeAdapterData.nl2"  v="1.0.8.v201208291038"  p=""  ex="false"  sz="6543" >
<dig da="MD5"  dv="b6d6579f0a830a3d985b8ec5d77c7359" />

</af>
<af id="com.ibm.cic.common.executeAdapterData.nl2a"  v="1.0.7.v201108081655"  p=""  ex="false"  sz="5097" >
<dig da="MD5"  dv="4970a6e9e37b604cb5daebd8e7eb5b0d" />

</af>
<af id="com.ibm.cic.common.executeAdapterData.nl2bidi"  v="1.0.7.v201108081655"  p=""  ex="false"  sz="2383" >
<dig da="MD5"  dv="bd3391b04aac9c6f7995f9e15a5e2062" />

</af>
<af id="com.ibm.cic.common.model.p2"  v="1.0.7.v20120806_1948"  p=""  ex="false"  sz="46789" >
<dig da="MD5"  dv="5c2eb97451217b58a1c8005fad96c2f1" />

</af>
<af id="com.ibm.cic.common.model.p2.nl1"  v="1.0.6.v201108081655"  p=""  ex="false"  sz="12896" >
<dig da="MD5"  dv="4da1a9f9bb7c7c0363d6d6185f03e954" />

</af>
<af id="com.ibm.cic.common.model.p2.nl2"  v="1.0.7.v201208291038"  p=""  ex="false"  sz="6705" >
<dig da="MD5"  dv="07652daf849a4aa573ae2571d6c8e052" />

</af>
<af id="com.ibm.cic.common.model.p2.nl2a"  v="1.0.6.v201108081655"  p=""  ex="false"  sz="5579" >
<dig da="MD5"  dv="d676d880684aac4e00431066b0894c82" />

</af>
<af id="com.ibm.cic.common.model.p2.nl2bidi"  v="1.0.6.v201108081655"  p=""  ex="false"  sz="3466" >
<dig da="MD5"  dv="3fd98bd35c7473913445bb5179eac735" />

</af>
<af id="com.ibm.cic.common.model.validation.fast"  v="1.0.6.v20120806_1948"  p=""  ex="false"  sz="33075" >
<dig da="MD5"  dv="d39402338948d5eda64adbc6ee19d67c" />

</af>
<af id="com.ibm.cic.common.model.validation.fast.nl1"  v="1.0.6.v201208281114"  p=""  ex="false"  sz="29579" >
<dig da="MD5"  dv="7edad62bea325e1f3f8265f533fe178c" />

</af>
<af id="com.ibm.cic.common.model.validation.fast.nl2"  v="1.0.6.v201208291038"  p=""  ex="false"  sz="13893" >
<dig da="MD5"  dv="51df1ef460482f07c0ad9b142ea5fe39" />

</af>
<af id="com.ibm.cic.common.model.validation.fast.nl2a"  v="1.0.5.v201108081655"  p=""  ex="false"  sz="11279" >
<dig da="MD5"  dv="85c43c686a7736feb003dedf38bb9cba" />

</af>
<af id="com.ibm.cic.common.model.validation.fast.nl2bidi"  v="1.0.5.v201108081655"  p=""  ex="false"  sz="6018" >
<dig da="MD5"  dv="f43bea35d7d96a507291fd58f5980f7b" />

</af>
<af id="com.ibm.cic.common.nativeAdapterData"  v="1.0.11.v20120806_1948"  p=""  ex="false"  sz="7808" >
<dig da="MD5"  dv="601da060b9fedd4592e63e1b04289e41" />

</af>
<af id="com.ibm.cic.common.nativeAdapterData.aix"  v="1.0.10.v20120806_1948"  p=""  ex="false"  sz="7869" >
<dig da="MD5"  dv="8b35acacc4265400b6246af802a54386" />

</af>
<af id="com.ibm.cic.common.nativeAdapterData.aix.nl1"  v="1.0.8.v201208281114"  p=""  ex="false"  sz="14994" >
<dig da="MD5"  dv="ed62f354f0252d2166ad91c84364808b" />

</af>
<af id="com.ibm.cic.common.nativeAdapterData.aix.nl2"  v="1.0.8.v201208291038"  p=""  ex="false"  sz="6567" >
<dig da="MD5"  dv="529902b41c74c54f61a22ab902bcef44" />

</af>
<af id="com.ibm.cic.common.nativeAdapterData.aix.nl2a"  v="1.0.7.v201108081655"  p=""  ex="false"  sz="5111" >
<dig da="MD5"  dv="b762e4a15a927a0b7bda257188eb4212" />

</af>
<af id="com.ibm.cic.common.nativeAdapterData.aix.nl2bidi"  v="1.0.7.v201108081655"  p=""  ex="false"  sz="2390" >
<dig da="MD5"  dv="92e410084c04978c9ecb7c39928bdf29" />

</af>
<af id="com.ibm.cic.common.nativeAdapterData.hpux"  v="1.0.10.v20120806_1948"  p=""  ex="false"  sz="8038" >
<dig da="MD5"  dv="ce95df7f7a6405c4219b99b4f08021d8" />

</af>
<af id="com.ibm.cic.common.nativeAdapterData.hpux.nl1"  v="1.0.8.v201208281114"  p=""  ex="false"  sz="15004" >
<dig da="MD5"  dv="28d52fe2af93b22ec1a961ae86d2c3b9" />

</af>
<af id="com.ibm.cic.common.nativeAdapterData.hpux.nl2"  v="1.0.8.v201208291038"  p=""  ex="false"  sz="6582" >
<dig da="MD5"  dv="a03e2ce8c33a4f037edd821f6d8538aa" />

</af>
<af id="com.ibm.cic.common.nativeAdapterData.hpux.nl2a"  v="1.0.7.v201108081655"  p=""  ex="false"  sz="5096" >
<dig da="MD5"  dv="55ff7580f1b13996cb5355d15901d213" />

</af>
<af id="com.ibm.cic.common.nativeAdapterData.hpux.nl2bidi"  v="1.0.7.v201108081655"  p=""  ex="false"  sz="2394" >
<dig da="MD5"  dv="ce43b9327cdc26c987ed22acfd2d2b3e" />

</af>
<af id="com.ibm.cic.common.nativeAdapterData.linux"  v="1.0.10.v20120806_1948"  p=""  ex="false"  sz="8064" >
<dig da="MD5"  dv="45a5aac3a1d9604b9f088425088d260d" />

</af>
<af id="com.ibm.cic.common.nativeAdapterData.linux.nl1"  v="1.0.8.v201208281114"  p=""  ex="false"  sz="15006" >
<dig da="MD5"  dv="c525641b4fefeecadb364ca2e8431839" />

</af>
<af id="com.ibm.cic.common.nativeAdapterData.linux.nl2"  v="1.0.8.v201208291038"  p=""  ex="false"  sz="6574" >
<dig da="MD5"  dv="64fe44ebd7c39a6bd31a6670a0370b44" />

</af>
<af id="com.ibm.cic.common.nativeAdapterData.linux.nl2a"  v="1.0.7.v201108081655"  p=""  ex="false"  sz="5117" >
<dig da="MD5"  dv="bce9b7723abbc2ee5dd4b36453c7e33c" />

</af>
<af id="com.ibm.cic.common.nativeAdapterData.linux.nl2bidi"  v="1.0.7.v201108081655"  p=""  ex="false"  sz="2393" >
<dig da="MD5"  dv="7d72f240399b04482ef24178af4a68d2" />

</af>
<af id="com.ibm.cic.common.nativeAdapterData.macosx"  v="1.0.10.v20120806_1948"  p=""  ex="false"  sz="8110" >
<dig da="MD5"  dv="bc328f3b87b1ad824f99929d1ac4efda" />

</af>
<af id="com.ibm.cic.common.nativeAdapterData.macosx.nl1"  v="1.0.8.v201208281114"  p=""  ex="false"  sz="15017" >
<dig da="MD5"  dv="b2458f5b220add7dc2e9bbe93b5ae385" />

</af>
<af id="com.ibm.cic.common.nativeAdapterData.macosx.nl2"  v="1.0.8.v201208291038"  p=""  ex="false"  sz="6581" >
<dig da="MD5"  dv="2247529c5707cf793e4e9bb52db26a8e" />

</af>
<af id="com.ibm.cic.common.nativeAdapterData.macosx.nl2a"  v="1.0.7.v201108081655"  p=""  ex="false"  sz="5106" >
<dig da="MD5"  dv="9deb8ada882731164f98d8128dd3a1f9" />

</af>
<af id="com.ibm.cic.common.nativeAdapterData.macosx.nl2bidi"  v="1.0.7.v201108081655"  p=""  ex="false"  sz="2394" >
<dig da="MD5"  dv="c20284c39934ef2ab6bc8dfa02db061e" />

</af>
<af id="com.ibm.cic.common.nativeAdapterData.nl1"  v="1.0.10.v201208281114"  p=""  ex="false"  sz="14951" >
<dig da="MD5"  dv="fac1a0500029e383ebf66cde23f57e28" />

</af>
<af id="com.ibm.cic.common.nativeAdapterData.nl2"  v="1.0.10.v201208291038"  p=""  ex="false"  sz="6546" >
<dig da="MD5"  dv="dc689ad2e8ac2d30bac2b4ed35ddc0f7" />

</af>
<af id="com.ibm.cic.common.nativeAdapterData.nl2a"  v="1.0.9.v201108081655"  p=""  ex="false"  sz="5095" >
<dig da="MD5"  dv="0963d3c6a9fde404fd56ef1e4ec42db5" />

</af>
<af id="com.ibm.cic.common.nativeAdapterData.nl2bidi"  v="1.0.9.v201108081655"  p=""  ex="false"  sz="2383" >
<dig da="MD5"  dv="4cc21d2bd4bf0abd6e38688987238d58" />

</af>
<af id="com.ibm.cic.common.nativeAdapterData.os400"  v="1.0.4.v20120806_1948"  p=""  ex="false"  sz="7740" >
<dig da="MD5"  dv="3432feae7a22900ffb49e84654a945a6" />

</af>
<af id="com.ibm.cic.common.nativeAdapterData.os400.nl1"  v="1.0.3.v201208281114"  p=""  ex="false"  sz="14926" >
<dig da="MD5"  dv="b52b575565736b5bf79600b45083deaa" />

</af>
<af id="com.ibm.cic.common.nativeAdapterData.os400.nl2"  v="1.0.3.v201208291038"  p=""  ex="false"  sz="6540" >
<dig da="MD5"  dv="1289d02166388d0f506fb3b7dc5105d2" />

</af>
<af id="com.ibm.cic.common.nativeAdapterData.os400.nl2a"  v="1.0.2.v201108081655"  p=""  ex="false"  sz="5076" >
<dig da="MD5"  dv="1851e9e907c4db41e1e9484db6ab223a" />

</af>
<af id="com.ibm.cic.common.nativeAdapterData.os400.nl2bidi"  v="1.0.2.v201108081655"  p=""  ex="false"  sz="2384" >
<dig da="MD5"  dv="fa0bc2445eafd1851c6ef464457d018d" />

</af>
<af id="com.ibm.cic.common.nativeAdapterData.solaris"  v="1.0.10.v20120806_1948"  p=""  ex="false"  sz="8117" >
<dig da="MD5"  dv="85e5f17b466d5c73a3bdb577b4e82862" />

</af>
<af id="com.ibm.cic.common.nativeAdapterData.solaris.nl1"  v="1.0.8.v201208281114"  p=""  ex="false"  sz="15009" >
<dig da="MD5"  dv="5294b85fc961aa90202a33c3c9d7254e" />

</af>
<af id="com.ibm.cic.common.nativeAdapterData.solaris.nl2"  v="1.0.8.v201208291038"  p=""  ex="false"  sz="6578" >
<dig da="MD5"  dv="e87eb618a7cc3423ea8a01339fe8da44" />

</af>
<af id="com.ibm.cic.common.nativeAdapterData.solaris.nl2a"  v="1.0.7.v201108081655"  p=""  ex="false"  sz="5117" >
<dig da="MD5"  dv="d80dd1b0435a0be64b8fb82f3d620cda" />

</af>
<af id="com.ibm.cic.common.nativeAdapterData.solaris.nl2bidi"  v="1.0.7.v201108081655"  p=""  ex="false"  sz="2393" >
<dig da="MD5"  dv="bb5958533dace5dc837b70ea19040b1c" />

</af>
<af id="com.ibm.cic.common.nativeAdapterData.win32"  v="1.0.10.v20120806_1948"  p=""  ex="false"  sz="19073" >
<dig da="MD5"  dv="f1d2704a131df9bbc316bfe4ac14694a" />

</af>
<af id="com.ibm.cic.common.nativeAdapterData.win32.nl1"  v="1.0.8.v201208281114"  p=""  ex="false"  sz="15025" >
<dig da="MD5"  dv="c62cf974a942a5e00cb94c19bda0af80" />

</af>
<af id="com.ibm.cic.common.nativeAdapterData.win32.nl2"  v="1.0.8.v201208291038"  p=""  ex="false"  sz="6579" >
<dig da="MD5"  dv="2b6fc2bdf135973c865695275558b7e6" />

</af>
<af id="com.ibm.cic.common.nativeAdapterData.win32.nl2a"  v="1.0.7.v201108081655"  p=""  ex="false"  sz="5118" >
<dig da="MD5"  dv="b7011c0b5c528b7e8019441469db0bce" />

</af>
<af id="com.ibm.cic.common.nativeAdapterData.win32.nl2bidi"  v="1.0.7.v201108081655"  p=""  ex="false"  sz="2395" >
<dig da="MD5"  dv="7b4bc5313b231a55b76e4ecc0aac4bd4" />

</af>
<af id="com.ibm.cic.common.nativeAdapterData.zos"  v="1.0.10.v20120806_1948"  p=""  ex="false"  sz="7876" >
<dig da="MD5"  dv="3838a5ba87fabba6ab523519f2fe47e0" />

</af>
<af id="com.ibm.cic.common.nativeAdapterData.zos.nl1"  v="1.0.8.v201208281114"  p=""  ex="false"  sz="15015" >
<dig da="MD5"  dv="11cb76abeca49294b5bae933ccc6e387" />

</af>
<af id="com.ibm.cic.common.nativeAdapterData.zos.nl2"  v="1.0.8.v201208291038"  p=""  ex="false"  sz="6577" >
<dig da="MD5"  dv="c1407c692fe9aa41ae7f183d25bd0437" />

</af>
<af id="com.ibm.cic.common.nativeAdapterData.zos.nl2a"  v="1.0.7.v201108081655"  p=""  ex="false"  sz="5098" >
<dig da="MD5"  dv="7bf2d729d3ef29745f6c73da3b914619" />

</af>
<af id="com.ibm.cic.common.nativeAdapterData.zos.nl2bidi"  v="1.0.7.v201108081655"  p=""  ex="false"  sz="2392" >
<dig da="MD5"  dv="f3041a02d6c27bd4bcc510efd76a4487" />

</af>
<af id="com.ibm.cic.common.p2EclipseAdapterData"  v="1.0.6.v20120806_1948"  p=""  ex="false"  sz="23609" >
<dig da="MD5"  dv="44ba46046049ea3c5b19d8adda943481" />

</af>
<af id="com.ibm.cic.common.p2EclipseAdapterData.nl1"  v="1.0.5.v201208281114"  p=""  ex="false"  sz="10161" >
<dig da="MD5"  dv="68c0261878571be1944c54f09b7b7ffa" />

</af>
<af id="com.ibm.cic.common.p2EclipseAdapterData.nl2"  v="1.0.4.v201108081655"  p=""  ex="false"  sz="5590" >
<dig da="MD5"  dv="97c2770b05a7a142362a4cd2a98cc406" />

</af>
<af id="com.ibm.cic.common.p2EclipseAdapterData.nl2a"  v="1.0.5.v201208221331"  p=""  ex="false"  sz="4803" >
<dig da="MD5"  dv="a974bd9df21bc116b286fc170994396a" />

</af>
<af id="com.ibm.cic.common.p2EclipseAdapterData.nl2bidi"  v="1.0.4.v201108081655"  p=""  ex="false"  sz="3220" >
<dig da="MD5"  dv="52f3c3b22a9735fe016ae28cfdfa096d" />

</af>
<af id="com.ibm.cic.common.pakAdapterData"  v="1.0.6.v20120806_1948"  p=""  ex="false"  sz="8348" >
<dig da="MD5"  dv="bd9f64fab7c9ecaee18ad04020828248" />

</af>
<af id="com.ibm.cic.common.transports.commons.net"  v="1.2.4.v20120806_1948"  p=""  ex="false"  sz="36944" >
<dig da="MD5"  dv="7dd49b7cfe7481348d787144e0853054" />

</af>
<af id="com.ibm.cic.common.transports.commons.net.nl1"  v="1.2.3.v201208281114"  p=""  ex="false"  sz="23685" >
<dig da="MD5"  dv="75191827d666be0c043211f4b847a636" />

</af>
<af id="com.ibm.cic.common.transports.commons.net.nl2"  v="1.2.3.v201208291038"  p=""  ex="false"  sz="11298" >
<dig da="MD5"  dv="50e06ea94b6a0bedee92b25a35d84691" />

</af>
<af id="com.ibm.cic.common.transports.commons.net.nl2a"  v="1.2.2.v201108081655"  p=""  ex="false"  sz="9105" >
<dig da="MD5"  dv="df082241b5f6bd113a9214c72e3ca94c" />

</af>
<af id="com.ibm.cic.common.transports.commons.net.nl2bidi"  v="1.2.2.v201108081655"  p=""  ex="false"  sz="5053" >
<dig da="MD5"  dv="4043b60803698a749d50ed642c9ed881" />

</af>
<af id="com.ibm.cic.common.transports.httpclient"  v="1.4.10.v20120806_1948"  p=""  ex="false"  sz="136343" >
<dig da="MD5"  dv="7dcaa09441aa7c985727acdcac9df844" />

</af>
<af id="com.ibm.cic.common.transports.httpclient.nl1"  v="1.4.7.v201208281114"  p=""  ex="false"  sz="40156" >
<dig da="MD5"  dv="27a79d8021ca3e676455c9d54ddd5792" />

</af>
<af id="com.ibm.cic.common.transports.httpclient.nl2"  v="1.4.7.v201208291038"  p=""  ex="false"  sz="18523" >
<dig da="MD5"  dv="525817943db4b59835e8482e19d397d1" />

</af>
<af id="com.ibm.cic.common.transports.httpclient.nl2a"  v="1.4.6.v201108081655"  p=""  ex="false"  sz="14741" >
<dig da="MD5"  dv="c1b1e50ea7d0abc766260344913664e8" />

</af>
<af id="com.ibm.cic.common.transports.httpclient.nl2bidi"  v="1.4.6.v201108081655"  p=""  ex="false"  sz="7405" >
<dig da="MD5"  dv="bcca2ed9103b5c767b363ce530d828d7" />

</af>
<af id="com.ibm.cic.common.ui"  v="1.1.19.v20120806_1948"  p=""  ex="false"  sz="841371" >
<dig da="MD5"  dv="826e1cb5bea907ebe007314dfe523936" />

</af>
<af id="com.ibm.cic.common.ui.nl1"  v="1.1.20.v201208281114"  p=""  ex="false"  sz="65134" >
<dig da="MD5"  dv="8279090304900aaeec29b67426802b3f" />

</af>
<af id="com.ibm.cic.common.ui.nl2"  v="1.1.19.v201208291038"  p=""  ex="false"  sz="28685" >
<dig da="MD5"  dv="f826243ba34098ec679cb2637d4c1eca" />

</af>
<af id="com.ibm.cic.common.ui.nl2a"  v="1.1.19.v201208221331"  p=""  ex="false"  sz="22643" >
<dig da="MD5"  dv="af827204d1cdc04d029fe1a5fa61648e" />

</af>
<af id="com.ibm.cic.common.ui.nl2bidi"  v="1.1.18.v201208191232"  p=""  ex="false"  sz="9660" >
<dig da="MD5"  dv="bbf4fd58d898ec45aef8707972cc4694" />

</af>
<af id="com.ibm.cic.common.ui.nl3"  v="1.1.18.v201111091111"  p=""  ex="false"  sz="2867" >
<dig da="MD5"  dv="fe929e77372e09b4f2aaef537757cd06" />

</af>
<af id="com.ibm.cic.common.xml.core"  v="1.4.8.v20120806_1948"  p=""  ex="false"  sz="151627" >
<dig da="MD5"  dv="15ea09a3afecd25258f27d443b71f6d8" />

</af>
<af id="com.ibm.cic.eclipse.internals"  v="1.0.10.v20120806_1948"  p=""  ex="false"  sz="78316" >
<dig da="MD5"  dv="c7f9695fa20d39f6abfa497b74828577" />

</af>
<af id="com.ibm.cic.eclipse.internals.nl1"  v="1.0.8.v201208281114"  p=""  ex="false"  sz="19985" >
<dig da="MD5"  dv="6204049be1b7c5d5bfe0f15bbc8f3a07" />

</af>
<af id="com.ibm.cic.eclipse.internals.nl2"  v="1.0.8.v201208291038"  p=""  ex="false"  sz="9979" >
<dig da="MD5"  dv="75a3b57355996b87815b42ef7e771408" />

</af>
<af id="com.ibm.cic.eclipse.internals.nl2a"  v="1.0.7.v201108081655"  p=""  ex="false"  sz="8230" >
<dig da="MD5"  dv="edd2c7327e293b9c055f8824a4e3614d" />

</af>
<af id="com.ibm.cic.eclipse.internals.nl2bidi"  v="1.0.7.v201108081655"  p=""  ex="false"  sz="4640" >
<dig da="MD5"  dv="c57048a75428f9a2a244703f5ebad270" />

</af>
<af id="com.ibm.cic.eclipse.ui.internals"  v="1.0.4.v20120213_2122"  p=""  ex="false"  sz="11641" >
<dig da="MD5"  dv="7e349e13d1bd22ba14ffe7bb811be124" />

</af>
<af id="com.ibm.cic.glossary.doc"  v="1.0.4.v20121108_1909"  p=""  ex="false"  sz="24744" >
<dig da="MD5"  dv="a7e0c14b8af5da9e29da7b56961b9a87" />

</af>
<af id="com.ibm.cic.glossary.doc.nl1"  v="1.0.5.v20120809_1526"  p=""  ex="false"  sz="123584" >
<dig da="MD5"  dv="ff29f3d84174c84ad70d7640bca68070" />

</af>
<af id="com.ibm.cic.glossary.doc.nl2"  v="1.0.5.v20120809_1526"  p=""  ex="false"  sz="16582" >
<dig da="MD5"  dv="a6105da8e5da0855b03bad54b11d2b5e" />

</af>
<af id="com.ibm.cic.install.launcher"  v="1.0.400.v20100222_2233"  p=""  ex="false"  sz="26693" >
<dig da="MD5"  dv="593f0e4f89e4c665a4dac1030a277947" />

</af>
</cset>
</cset>
<cset v="7.*" >
<summary  count="31"  totalSize="2574890" >
<digs da="MD5"  count="31" />
</summary>
<cset p="*" >
<summary  count="31"  totalSize="2574890" >
<digs da="MD5"  count="31" />
</summary>
<af id="com.ibm.cic.agent.ui.doc.nl1"  v="7.0.6.v20121106_1954"  p=""  ex="false"  sz="1232210" >
<dig da="MD5"  dv="7f5c3f7d3a484f4ab6170e4bbb9faa47" />

</af>
<af id="com.ibm.cic.agent.ui.doc.nl2"  v="7.0.1.v20121108_1909"  p=""  ex="false"  sz="754956" >
<dig da="MD5"  dv="8439d29a7ee892b8704abc7d173018a9" />

</af>
<af id="com.ibm.cic.licensing.common"  v="7.0.14.v20110513_1648"  p=""  ex="false"  sz="12746" >
<dig da="MD5"  dv="ed3052575dd95846d87027d9928e5e7c" />

</af>
<af id="com.ibm.cic.licensing.common.core"  v="7.0.202.v20110429_1203"  p=""  ex="false"  sz="25191" >
<dig da="MD5"  dv="65c3be76ac7c0bdd6374f567902edc84" />

</af>
<af id="com.ibm.cic.licensing.common.core.nl1"  v="7.0.111.v201002091216"  p=""  ex="false"  sz="33649" >
<dig da="MD5"  dv="b4cbcc0e88d365597fd1fb0cd309b55d" />

</af>
<af id="com.ibm.cic.licensing.common.core.nl2"  v="7.0.111.v201002091221"  p=""  ex="false"  sz="15646" >
<dig da="MD5"  dv="2fce601fae010bc2a0e19739e8b51551" />

</af>
<af id="com.ibm.cic.licensing.common.core.nl2a"  v="7.0.111.v201002091223"  p=""  ex="false"  sz="12237" >
<dig da="MD5"  dv="14e0361f99bf30b8e04c847962043a89" />

</af>
<af id="com.ibm.cic.licensing.common.nl1"  v="7.0.13.v201002091216"  p=""  ex="false"  sz="23777" >
<dig da="MD5"  dv="c8906435589ce62a8b6bf57c6b1199f1" />

</af>
<af id="com.ibm.cic.licensing.common.nl2"  v="7.0.13.v201002091221"  p=""  ex="false"  sz="11012" >
<dig da="MD5"  dv="51b776381badb3df5c25f69b9d6603bb" />

</af>
<af id="com.ibm.cic.licensing.common.nl2a"  v="7.0.13.v201002091223"  p=""  ex="false"  sz="8783" >
<dig da="MD5"  dv="1350c2b0eedeb2ae6037e52cf980f0e9" />

</af>
<af id="com.ibm.cic.licensing.common.util"  v="7.0.302.v20101007_1238"  p=""  ex="false"  sz="80288" >
<dig da="MD5"  dv="73d903b5f0f3b1ff73688003c31843a0" />

</af>
<af id="com.ibm.cic.licensing.common.util.nl1"  v="7.0.200.v201002091216"  p=""  ex="false"  sz="24943" >
<dig da="MD5"  dv="e3a8285b4646092c0f527571030987cb" />

</af>
<af id="com.ibm.cic.licensing.common.util.nl2"  v="7.0.200.v201002091221"  p=""  ex="false"  sz="11636" >
<dig da="MD5"  dv="ffaca23b8a743058c102de3e2e06785a" />

</af>
<af id="com.ibm.cic.licensing.common.util.nl2a"  v="7.0.200.v201002091223"  p=""  ex="false"  sz="9299" >
<dig da="MD5"  dv="93251c32a133123ac6150179f5214f69" />

</af>
<af id="com.ibm.cic.licensing.flexlm.nl1"  v="7.1.143.v201208221403"  p=""  ex="false"  sz="44436" >
<dig da="MD5"  dv="eeb809774e8c4d59f20428118de4354a" />

</af>
<af id="com.ibm.cic.licensing.flexlm.nl2"  v="7.1.143.v201208291037"  p=""  ex="false"  sz="20311" >
<dig da="MD5"  dv="c816dd9bd9665751e682e3044314d3e2" />

</af>
<af id="com.ibm.cic.licensing.flexlm.nl2a"  v="7.1.142.v201108081655"  p=""  ex="false"  sz="16052" >
<dig da="MD5"  dv="265a5cbb6c4232362d9c9c1641043b7b" />

</af>
<af id="com.ibm.cic.licensing.flexlm.nl2bidi"  v="7.1.143.v201208191232"  p=""  ex="false"  sz="7298" >
<dig da="MD5"  dv="24e7e4e93fce8e3591abbdea549aefc4" />

</af>
<af id="com.ibm.cic.licensing.lum.nl1"  v="7.0.200.v201002091216"  p=""  ex="false"  sz="21757" >
<dig da="MD5"  dv="627677109fa4e1c7ccd0f5570847e275" />

</af>
<af id="com.ibm.cic.licensing.lum.nl2"  v="7.0.200.v201002091221"  p=""  ex="false"  sz="10160" >
<dig da="MD5"  dv="2920bc84d80b4a3cd04e8ea5efc068b7" />

</af>
<af id="com.ibm.cic.licensing.lum.nl2a"  v="7.0.200.v201002091223"  p=""  ex="false"  sz="8088" >
<dig da="MD5"  dv="bf7edee36ec55dddc041d4aa4a8d01b7" />

</af>
<af id="com.ibm.cic.licensing.policy.ui"  v="7.1.144.v20120806_1948"  p=""  ex="false"  sz="71324" >
<dig da="MD5"  dv="5c2daa54d70104154bfbca69c4d406c5" />

</af>
<af id="com.ibm.cic.licensing.policy.ui.nl1"  v="7.1.144.v201208221403"  p=""  ex="false"  sz="30409" >
<dig da="MD5"  dv="7c2509db025a7943724296f98d8826e6" />

</af>
<af id="com.ibm.cic.licensing.policy.ui.nl2"  v="7.1.144.v201202161455"  p=""  ex="false"  sz="13928" >
<dig da="MD5"  dv="ea0c0703795ec9a0dcefc970631fcf45" />

</af>
<af id="com.ibm.cic.licensing.policy.ui.nl2a"  v="7.1.143.v201201231709"  p=""  ex="false"  sz="11071" >
<dig da="MD5"  dv="084ea89b6da50f76e7829469a6606fba" />

</af>
<af id="com.ibm.cic.licensing.policy.ui.nl2bidi"  v="7.1.143.v201202130915"  p=""  ex="false"  sz="5487" >
<dig da="MD5"  dv="766ac384f66282e8f967d47a5bcc44fa" />

</af>
<af id="com.ibm.cic.licensing.policy.ui.preferences"  v="7.1.142.v20110815_1426"  p=""  ex="false"  sz="9176" >
<dig da="MD5"  dv="1e41782c8d534a9e8eb8420b662d0755" />

</af>
<af id="com.ibm.cic.licensing.policy.ui.preferences.nl1"  v="7.1.143.v201208221403"  p=""  ex="false"  sz="23618" >
<dig da="MD5"  dv="a588773b8755235393f6a3f902c1c362" />

</af>
<af id="com.ibm.cic.licensing.policy.ui.preferences.nl2"  v="7.1.143.v201208291037"  p=""  ex="false"  sz="11221" >
<dig da="MD5"  dv="e2ac33c1db206ee071f39cd974ed5c16" />

</af>
<af id="com.ibm.cic.licensing.policy.ui.preferences.nl2a"  v="7.1.142.v201108081655"  p=""  ex="false"  sz="9132" >
<dig da="MD5"  dv="0e0d8eabb014ea8ad502bae38394ffb6" />

</af>
<af id="com.ibm.cic.licensing.policy.ui.preferences.nl2bidi"  v="7.1.142.v201108081655"  p=""  ex="false"  sz="5049" >
<dig da="MD5"  dv="d7343d3a0449cf1f4b5c1bc2e3964ff1" />

</af>
</cset>
</cset>
<cset v="2.*" >
<summary  count="5"  totalSize="71735" >
<digs da="MD5"  count="5" />
</summary>
<cset p="*" >
<summary  count="5"  totalSize="71735" >
<digs da="MD5"  count="5" />
</summary>
<af id="com.ibm.cic.common.core.pa"  v="2.0.3.v20120806_1948"  p=""  ex="false"  sz="22734" >
<dig da="MD5"  dv="3843b8b2ed88dbcc3b79c9589158f4d6" />

</af>
<af id="com.ibm.cic.common.core.pa.nl1"  v="2.0.3.v201208281114"  p=""  ex="false"  sz="23590" >
<dig da="MD5"  dv="1eb25fc073acd5368c0c478463b217cc" />

</af>
<af id="com.ibm.cic.common.core.pa.nl2"  v="2.0.2.v201108081655"  p=""  ex="false"  sz="11395" >
<dig da="MD5"  dv="128363e73e734e42ec5f31af941f12e4" />

</af>
<af id="com.ibm.cic.common.core.pa.nl2a"  v="2.0.2.v201108081655"  p=""  ex="false"  sz="9163" >
<dig da="MD5"  dv="2d640998278e19bde9526b7ff3722cbb" />

</af>
<af id="com.ibm.cic.common.core.pa.nl2bidi"  v="2.0.2.v201108081655"  p=""  ex="false"  sz="4853" >
<dig da="MD5"  dv="53c4ce9593f3ab51e7b8837bc3b8f9fd" />

</af>
</cset>
</cset>
</cset>
<cset id="com.ibm.help*" >
<summary  count="16"  totalSize="2324416" >
<digs da="MD5"  count="16" />
</summary>
<cset v="7.*" >
<summary  count="16"  totalSize="2324416" >
<digs da="MD5"  count="16" />
</summary>
<cset p="*" >
<summary  count="16"  totalSize="2324416" >
<digs da="MD5"  count="16" />
</summary>
<af id="com.ibm.help.common.accessibility.doc"  v="7.6.0.v20121109_1351"  p=""  ex="false"  sz="18547" >
<dig da="MD5"  dv="c11c610f0c530ff1f0b3477a71c5aace" />

</af>
<af id="com.ibm.help.common.accessibility.doc.nl1"  v="7.6.0.v20121105_1926"  p=""  ex="false"  sz="296653" >
<dig da="MD5"  dv="ea5ba5a08543806101ce4916e8056007" />

</af>
<af id="com.ibm.help.common.accessibility.doc.nl2"  v="7.6.0.v20121105_1926"  p=""  ex="false"  sz="132494" >
<dig da="MD5"  dv="920305b20f3557c44ce473cf5968c9f0" />

</af>
<af id="com.ibm.help.common.accessibility.doc.nl2a"  v="7.6.0.v20121105_1926"  p=""  ex="false"  sz="24598" >
<dig da="MD5"  dv="263dfa03a721f4894ea80ff5cfd326ae" />

</af>
<af id="com.ibm.help.common.doc"  v="7.6.0.v20110304_1609"  p=""  ex="false"  sz="705" >
<dig da="MD5"  dv="c462d85876d272189aef0493c5b775c7" />

</af>
<af id="com.ibm.help.common.doc.nl1"  v="7.6.0.v20110304_1609"  p=""  ex="false"  sz="36893" >
<dig da="MD5"  dv="929123af652ff7c11c6a44267a331d82" />

</af>
<af id="com.ibm.help.common.doc.nl2"  v="7.6.0.v20110304_1609"  p=""  ex="false"  sz="13744" >
<dig da="MD5"  dv="b6d93ac1c91a676b7a45320cb2429023" />

</af>
<af id="com.ibm.help.common.nav.doc"  v="7.6.0.v20120725_1905"  p=""  ex="false"  sz="35252" >
<dig da="MD5"  dv="01d4859960dfeb1890d7278030867697" />

</af>
<af id="com.ibm.help.common.nav.doc.nl1"  v="7.6.0.v20121105_1926"  p=""  ex="false"  sz="354323" >
<dig da="MD5"  dv="57d61cc40d47d1bfe607ad5248fe9fd4" />

</af>
<af id="com.ibm.help.common.nav.doc.nl2"  v="7.6.0.v20121105_1926"  p=""  ex="false"  sz="159269" >
<dig da="MD5"  dv="0f9c0ffb2edd38b7170876f899937b19" />

</af>
<af id="com.ibm.help.common.nav.doc.nl2a"  v="7.6.0.v20121105_1926"  p=""  ex="false"  sz="70474" >
<dig da="MD5"  dv="2719bfe7c4d9c7ae5ef66991d11d0a76" />

</af>
<af id="com.ibm.help.common.resources.doc"  v="7.6.0.v20121022_2158"  p=""  ex="false"  sz="442000" >
<dig da="MD5"  dv="cd886aed42e9e4065c121e2292f96e0e" />

</af>
<af id="com.ibm.help.gallery.cat"  v="7.6.0.v20120206_2014"  p=""  ex="false"  sz="2726" >
<dig da="MD5"  dv="3f408de2fe67b4bfec05a5119918b750" />

</af>
<af id="com.ibm.help.gallery.cat.nl1"  v="7.6.0.v20120315_1258"  p=""  ex="false"  sz="432298" >
<dig da="MD5"  dv="f4644998c317fe9693ca9cb94e44308c" />

</af>
<af id="com.ibm.help.gallery.cat.nl2"  v="7.6.0.v20120827_1609"  p=""  ex="false"  sz="296875" >
<dig da="MD5"  dv="4863bdfe94f5fe97aad92305fd3832f1" />

</af>
<af id="com.ibm.help.gallery.cat.nl2a"  v="7.6.0.v20120827_1609"  p=""  ex="false"  sz="7565" >
<dig da="MD5"  dv="cad2e384355aa3e9fe977c376aa089d1" />

</af>
</cset>
</cset>
</cset>
<cset id="com.ibm.icu*" >
<summary  count="5"  totalSize="6482664" >
<digs da="MD5"  count="5" />
</summary>
<cset v="4.*" >
<summary  count="5"  totalSize="6482664" >
<digs da="MD5"  count="5" />
</summary>
<cset p="*" >
<summary  count="5"  totalSize="6482664" >
<digs da="MD5"  count="5" />
</summary>
<af id="com.ibm.icu"  v="4.2.1.v20100412"  p=""  ex="false"  sz="6451214" >
<dig da="MD5"  dv="3e6690e17b268a280532c2aff54c0cc6" />

</af>
<af id="com.ibm.icu.nl1"  v="4.2.1.v201102251823"  p=""  ex="false"  sz="8868" >
<dig da="MD5"  dv="313911cc08c14e31cab182efe2fb41fd" />

</af>
<af id="com.ibm.icu.nl2"  v="4.2.1.v201102251823"  p=""  ex="false"  sz="7089" >
<dig da="MD5"  dv="8e0833957360b8715adc9a3f74130c2e" />

</af>
<af id="com.ibm.icu.nl2a"  v="4.2.1.v201104190813"  p=""  ex="false"  sz="9004" >
<dig da="MD5"  dv="ef62150144c29ab53dea11555aa5dcc7" />

</af>
<af id="com.ibm.icu.nlBidi"  v="4.2.1.v201102251823"  p=""  ex="false"  sz="6489" >
<dig da="MD5"  dv="30ff4e5ff720d04fa53aae74fa22f237" />

</af>
</cset>
</cset>
</cset>
<cset id="com.ibm.imic*" >
<summary  count="1"  totalSize="14740" >
<digs da="MD5"  count="1" />
</summary>
<cset v="1.*" >
<summary  count="1"  totalSize="14740" >
<digs da="MD5"  count="1" />
</summary>
<cset p="*" >
<summary  count="1"  totalSize="14740" >
<digs da="MD5"  count="1" />
</summary>
<af id="com.ibm.imic.doc"  v="1.0.3.v20120928_1730"  p=""  ex="false"  sz="14740" >
<dig da="MD5"  dv="5a988249cca64fcde53ecacdd6cf455c" />

</af>
</cset>
</cset>
</cset>
<cset id="com.ibm.ws*" >
<summary  count="19"  totalSize="462591" >
<digs da="MD5"  count="19" />
</summary>
<cset v="1.*" >
<summary  count="19"  totalSize="462591" >
<digs da="MD5"  count="19" />
</summary>
<cset p="*" >
<summary  count="19"  totalSize="462591" >
<digs da="MD5"  count="19" />
</summary>
<af id="com.ibm.ws.pak.core"  v="1.3.4.v20120806_1948"  p=""  ex="false"  sz="47282" >
<dig da="MD5"  dv="25fd3ad1f5ebdbfad81a7e88e0dc4d24" />

</af>
<af id="com.ibm.ws.pak.core.nl1"  v="1.3.4.v201208221405"  p=""  ex="false"  sz="13528" >
<dig da="MD5"  dv="cf5a552fd1bac0eb925aa417c2c777ee" />

</af>
<af id="com.ibm.ws.pak.core.nl2"  v="1.3.3.v201108081655"  p=""  ex="false"  sz="6765" >
<dig da="MD5"  dv="a29959d0f32eb99e7859a2ad57fab50e" />

</af>
<af id="com.ibm.ws.pak.core.nl2a"  v="1.3.3.v201108081655"  p=""  ex="false"  sz="5587" >
<dig da="MD5"  dv="95671bab140ffd4c68fae7e29558983d" />

</af>
<af id="com.ibm.ws.pak.core.nl2bidi"  v="1.3.3.v201108081655"  p=""  ex="false"  sz="3227" >
<dig da="MD5"  dv="f472865e95c3246efa3b4b96783ff857" />

</af>
<af id="com.ibm.ws.pak.internal.nl1"  v="1.0.5.v201202130939"  p=""  ex="false"  sz="27220" >
<dig da="MD5"  dv="8f4c9eaea0e9527e7a655122467281be" />

</af>
<af id="com.ibm.ws.pak.internal.nl2"  v="1.0.5.v201202101019"  p=""  ex="false"  sz="12597" >
<dig da="MD5"  dv="d0d833548d136d596e227eaf0415ed28" />

</af>
<af id="com.ibm.ws.pak.internal.nl2a"  v="1.0.5.v201201231710"  p=""  ex="false"  sz="10074" >
<dig da="MD5"  dv="6ffe3ecefa37769bdefae2efe11d1fa1" />

</af>
<af id="com.ibm.ws.pak.internal.nl2bidi"  v="1.0.5.v201202130915"  p=""  ex="false"  sz="4771" >
<dig da="MD5"  dv="1afd3faacbabdbc86739664796f3822f" />

</af>
<af id="com.ibm.ws.sync.core"  v="1.4.0.v20120806_1948"  p=""  ex="false"  sz="74787" >
<dig da="MD5"  dv="a8df1b3f6d3e3a44b10a30d80458dc9f" />

</af>
<af id="com.ibm.ws.sync.core.nl1"  v="1.4.0.v201208221405"  p=""  ex="false"  sz="38967" >
<dig da="MD5"  dv="b63289c310edd5f2045717759196ea30" />

</af>
<af id="com.ibm.ws.sync.core.nl2"  v="1.4.0.v201208291038"  p=""  ex="false"  sz="18105" >
<dig da="MD5"  dv="d90f8d650da8364266d91016caf418a2" />

</af>
<af id="com.ibm.ws.sync.core.nl2a"  v="1.4.0.v201208221332"  p=""  ex="false"  sz="14309" >
<dig da="MD5"  dv="377ec27702699fa62612c8bdc65135e3" />

</af>
<af id="com.ibm.ws.sync.core.nl2bidi"  v="1.4.0.v201208191232"  p=""  ex="false"  sz="6939" >
<dig da="MD5"  dv="28816230808e8ed4bff6c28b58c5bde0" />

</af>
<af id="com.ibm.ws.sync.ui"  v="1.2.10.v20120806_1948"  p=""  ex="false"  sz="83450" >
<dig da="MD5"  dv="8c251f9eaf41f1f484aa2087f7b9972a" />

</af>
<af id="com.ibm.ws.sync.ui.nl1"  v="1.2.8.v201208221405"  p=""  ex="false"  sz="47465" >
<dig da="MD5"  dv="be0a1f779d85848624c3e974296284f0" />

</af>
<af id="com.ibm.ws.sync.ui.nl2"  v="1.2.10.v201208291036"  p=""  ex="false"  sz="22021" >
<dig da="MD5"  dv="5ea9ccd87867b6d1d8ed8e622f813da9" />

</af>
<af id="com.ibm.ws.sync.ui.nl2a"  v="1.2.7.v201201231711"  p=""  ex="false"  sz="17309" >
<dig da="MD5"  dv="c5e99bbd9077b959a676e06312a51911" />

</af>
<af id="com.ibm.ws.sync.ui.nl2bidi"  v="1.2.7.v201202130915"  p=""  ex="false"  sz="8188" >
<dig da="MD5"  dv="bf2ee4ba73e514105a6c79f196c4f9c3" />

</af>
</cset>
</cset>
</cset>
<cset id="javax.servlet" >
<summary  count="1"  totalSize="118873" >
<digs da="MD5"  count="1" />
</summary>
<cset v="2.*" >
<summary  count="1"  totalSize="118873" >
<digs da="MD5"  count="1" />
</summary>
<cset p="*" >
<summary  count="1"  totalSize="118873" >
<digs da="MD5"  count="1" />
</summary>
<af id="javax.servlet"  v="2.5.0.v200910301333"  p=""  ex="false"  sz="118873" >
<dig da="MD5"  dv="e46e37400d01a527fab7a22edc74bd2d" />

</af>
</cset>
</cset>
</cset>
<cset id="javax.servlet.jsp*" >
<summary  count="1"  totalSize="63889" >
<digs da="MD5"  count="1" />
</summary>
<cset v="2.*" >
<summary  count="1"  totalSize="63889" >
<digs da="MD5"  count="1" />
</summary>
<cset p="*" >
<summary  count="1"  totalSize="63889" >
<digs da="MD5"  count="1" />
</summary>
<af id="javax.servlet.jsp"  v="2.0.0.v200806031607"  p=""  ex="false"  sz="63889" >
<dig da="MD5"  dv="e7310cfc61079f5fa561120049db3777" />

</af>
</cset>
</cset>
</cset>
<cset id="org.apache.commons*" >
<summary  count="2"  totalSize="183697" >
<digs da="MD5"  count="2" />
</summary>
<cset v="1.*" >
<summary  count="2"  totalSize="183697" >
<digs da="MD5"  count="2" />
</summary>
<cset p="*" >
<summary  count="2"  totalSize="183697" >
<digs da="MD5"  count="2" />
</summary>
<af id="org.apache.commons.codec"  v="1.3.0.v20100518-1140"  p=""  ex="false"  sz="55003" >
<dig da="MD5"  dv="6d0b90743cb0c8217ac9cf2751ddcefb" />

</af>
<af id="org.apache.commons.el"  v="1.0.0.v201004212143"  p=""  ex="false"  sz="128694" >
<dig da="MD5"  dv="7377f308b9ef62aefe4c1eeebf117d0f" />

</af>
</cset>
</cset>
</cset>
<cset id="org.apache.jasper*" >
<summary  count="1"  totalSize="1722559" >
<digs da="MD5"  count="1" />
</summary>
<cset v="5.*" >
<summary  count="1"  totalSize="1722559" >
<digs da="MD5"  count="1" />
</summary>
<cset p="*" >
<summary  count="1"  totalSize="1722559" >
<digs da="MD5"  count="1" />
</summary>
<af id="org.apache.jasper"  v="5.5.17.v201004212143"  p=""  ex="false"  sz="1722559" >
<dig da="MD5"  dv="406d05a4e9809c0e4d1062a76eb74629" />

</af>
</cset>
</cset>
</cset>
<cset id="org.apache.lucene*" >
<summary  count="2"  totalSize="516851" >
<digs da="MD5"  count="2" />
</summary>
<cset v="1.*" >
<summary  count="2"  totalSize="516851" >
<digs da="MD5"  count="2" />
</summary>
<cset p="*" >
<summary  count="2"  totalSize="516851" >
<digs da="MD5"  count="2" />
</summary>
<af id="org.apache.lucene"  v="1.9.1.v20100518-1140"  p=""  ex="false"  sz="445306" >
<dig da="MD5"  dv="80107b569a61aed776e342626da0b51f" />

</af>
<af id="org.apache.lucene.analysis"  v="1.9.1.v20100518-1140"  p=""  ex="false"  sz="71545" >
<dig da="MD5"  dv="514505c60dd7d072a190b6daade42eb8" />

</af>
</cset>
</cset>
</cset>
<cset id="org.eclipse.ant*" >
<summary  count="1"  totalSize="97488" >
<digs da="MD5"  count="1" />
</summary>
<cset v="3.*" >
<summary  count="1"  totalSize="97488" >
<digs da="MD5"  count="1" />
</summary>
<cset p="*" >
<summary  count="1"  totalSize="97488" >
<digs da="MD5"  count="1" />
</summary>
<af id="org.eclipse.ant.core"  v="3.2.201.v20110203_r362"  p=""  ex="false"  sz="97488" >
<dig da="MD5"  dv="e23c147bca00d65ad433496e2a54a04d" />

</af>
</cset>
</cset>
</cset>
<cset id="org.eclipse.core*" >
<summary  count="56"  totalSize="1781743" >
<digs da="MD5"  count="56" />
</summary>
<cset v="3.*" >
<summary  count="35"  totalSize="863995" >
<digs da="MD5"  count="35" />
</summary>
<cset p="*" >
<summary  count="35"  totalSize="863995" >
<digs da="MD5"  count="35" />
</summary>
<af id="org.eclipse.core.commands"  v="3.6.0.I20100512-1500"  p=""  ex="false"  sz="107209" >
<dig da="MD5"  dv="3f8370c831c528af794c812b751f5aad" />

</af>
<af id="org.eclipse.core.commands.nl1"  v="3.6.0.v201102251823"  p=""  ex="false"  sz="7963" >
<dig da="MD5"  dv="85f178b3124aac2299cd2069fbc6e1ab" />

</af>
<af id="org.eclipse.core.commands.nl2"  v="3.6.0.v201102251823"  p=""  ex="false"  sz="6389" >
<dig da="MD5"  dv="71ae388afeacda231810deb2d6a8b220" />

</af>
<af id="org.eclipse.core.commands.nl2a"  v="3.6.0.v201104190813"  p=""  ex="false"  sz="8103" >
<dig da="MD5"  dv="da56089926a58752f3f0d85836020e0b" />

</af>
<af id="org.eclipse.core.commands.nlBidi"  v="3.6.0.v201102251823"  p=""  ex="false"  sz="5871" >
<dig da="MD5"  dv="a1998f825f0136103895feed78c7d9b9" />

</af>
<af id="org.eclipse.core.contenttype"  v="3.4.100.v20100505-1235"  p=""  ex="false"  sz="91927" >
<dig da="MD5"  dv="59828d927ce5a34ef02c3c2ee9d81dc1" />

</af>
<af id="org.eclipse.core.contenttype.nl1"  v="3.4.100.v201102251823"  p=""  ex="false"  sz="15750" >
<dig da="MD5"  dv="48e4ed812ffbfa149b4a74f89fb1b2a4" />

</af>
<af id="org.eclipse.core.contenttype.nl2"  v="3.4.100.v201102251823"  p=""  ex="false"  sz="9692" >
<dig da="MD5"  dv="05a7998943205e698c55c2c42ae94653" />

</af>
<af id="org.eclipse.core.contenttype.nl2a"  v="3.4.100.v201104190813"  p=""  ex="false"  sz="16640" >
<dig da="MD5"  dv="9557dce4286d67b1dcdf02f63c9b2318" />

</af>
<af id="org.eclipse.core.contenttype.nlBidi"  v="3.4.100.v201102251823"  p=""  ex="false"  sz="7611" >
<dig da="MD5"  dv="221619f35f9c837ff3b155cdf3f14c88" />

</af>
<af id="org.eclipse.core.expressions"  v="3.4.200.v20100505"  p=""  ex="false"  sz="86984" >
<dig da="MD5"  dv="f585598a1455f2a73a29fb60e7bf9f5a" />

</af>
<af id="org.eclipse.core.expressions.nl1"  v="3.4.200.v201102251823"  p=""  ex="false"  sz="19436" >
<dig da="MD5"  dv="3715fdd22d814e27ea1c173e40fda6b1" />

</af>
<af id="org.eclipse.core.expressions.nl2"  v="3.4.200.v201102251823"  p=""  ex="false"  sz="11266" >
<dig da="MD5"  dv="172228bbb4fddba76bdae89f780a4445" />

</af>
<af id="org.eclipse.core.expressions.nl2a"  v="3.4.200.v201104190813"  p=""  ex="false"  sz="20617" >
<dig da="MD5"  dv="fdc2aa87a68180d047c56f8591bd23fc" />

</af>
<af id="org.eclipse.core.expressions.nlBidi"  v="3.4.200.v201102251823"  p=""  ex="false"  sz="8405" >
<dig da="MD5"  dv="50933c86b92e4ded6fd0e92018998820" />

</af>
<af id="org.eclipse.core.jobs"  v="3.5.1.R36x_v20100824"  p=""  ex="false"  sz="90875" >
<dig da="MD5"  dv="ae097b7d2d7317144bd38ddae680c102" />

</af>
<af id="org.eclipse.core.jobs.nl1"  v="3.5.1.v201102251823"  p=""  ex="false"  sz="13435" >
<dig da="MD5"  dv="e5287d04cc729ccc5e85cc9172806625" />

</af>
<af id="org.eclipse.core.jobs.nl2"  v="3.5.1.v201102251823"  p=""  ex="false"  sz="8608" >
<dig da="MD5"  dv="8d4bc0d223f28063152abedb7d42e6bc" />

</af>
<af id="org.eclipse.core.jobs.nl2a"  v="3.5.1.v201104190813"  p=""  ex="false"  sz="13857" >
<dig da="MD5"  dv="a086ef948919c5ed54012aa8e9c01c5c" />

</af>
<af id="org.eclipse.core.jobs.nlBidi"  v="3.5.1.v201102251823"  p=""  ex="false"  sz="7035" >
<dig da="MD5"  dv="47b3bf4f32dc512296dff535d3979049" />

</af>
<af id="org.eclipse.core.runtime"  v="3.6.0.v20100505"  p=""  ex="false"  sz="70928" >
<dig da="MD5"  dv="b416f8566373865fd1a0c2a706c2861d" />

</af>
<af id="org.eclipse.core.runtime.compatibility.auth"  v="3.2.200.v20100517"  p=""  ex="false"  sz="22809" >
<dig da="MD5"  dv="7d77538d6a2223da8e2cd3772978033e" />

</af>
<af id="org.eclipse.core.runtime.compatibility.auth.nl1"  v="3.2.200.v201102251823"  p=""  ex="false"  sz="15576" >
<dig da="MD5"  dv="6933981370b2f65367925734fb90fcf6" />

</af>
<af id="org.eclipse.core.runtime.compatibility.auth.nl2"  v="3.2.200.v201102251823"  p=""  ex="false"  sz="10066" >
<dig da="MD5"  dv="428edcf4a98c748794d31b10b8d0ecf0" />

</af>
<af id="org.eclipse.core.runtime.compatibility.auth.nl2a"  v="3.2.200.v201104190813"  p=""  ex="false"  sz="16087" >
<dig da="MD5"  dv="3ec72711c41d6eb33b04f011c5fe89e3" />

</af>
<af id="org.eclipse.core.runtime.compatibility.auth.nlBidi"  v="3.2.200.v201102251823"  p=""  ex="false"  sz="8186" >
<dig da="MD5"  dv="f030ca7e2c479d57b941c0450046ed99" />

</af>
<af id="org.eclipse.core.runtime.nl1"  v="3.6.0.v201102251823"  p=""  ex="false"  sz="28105" >
<dig da="MD5"  dv="4d6528ecfde30b65f8be3a5a701f377c" />

</af>
<af id="org.eclipse.core.runtime.nl2"  v="3.6.0.v201102251823"  p=""  ex="false"  sz="14847" >
<dig da="MD5"  dv="12d83226cad94dddc80aa20b7b5fa498" />

</af>
<af id="org.eclipse.core.runtime.nl2a"  v="3.6.0.v201104190813"  p=""  ex="false"  sz="30063" >
<dig da="MD5"  dv="7643edc966c2b2aedbafaa4877a325d9" />

</af>
<af id="org.eclipse.core.runtime.nlBidi"  v="3.6.0.v201102251823"  p=""  ex="false"  sz="9946" >
<dig da="MD5"  dv="32560642ae563f83f92f8c4f2db57f66" />

</af>
<af id="org.eclipse.core.variables"  v="3.2.400.v20100505"  p=""  ex="false"  sz="33006" >
<dig da="MD5"  dv="48dc7f0fa6371c070b9eff8223e4041f" />

</af>
<af id="org.eclipse.core.variables.nl1"  v="3.2.400.v201102251823"  p=""  ex="false"  sz="14638" >
<dig da="MD5"  dv="4ca6a30451a0b6ee33f348196e7e6d60" />

</af>
<af id="org.eclipse.core.variables.nl2"  v="3.2.400.v201102251823"  p=""  ex="false"  sz="9207" >
<dig da="MD5"  dv="d2aada6483834a4dccc08bd6ef2c444c" />

</af>
<af id="org.eclipse.core.variables.nl2a"  v="3.2.400.v201104190813"  p=""  ex="false"  sz="15526" >
<dig da="MD5"  dv="1a40519dfaeb340771971c283f9c838e" />

</af>
<af id="org.eclipse.core.variables.nlBidi"  v="3.2.400.v201102251823"  p=""  ex="false"  sz="7332" >
<dig da="MD5"  dv="165c7d56fd2e5014d6cb674bb9c25aca" />

</af>
</cset>
</cset>
<cset v="1.*" >
<summary  count="21"  totalSize="917748" >
<digs da="MD5"  count="21" />
</summary>
<cset p="*" >
<summary  count="21"  totalSize="917748" >
<digs da="MD5"  count="21" />
</summary>
<af id="org.eclipse.core.databinding"  v="1.3.100.I20100601-0800"  p=""  ex="false"  sz="199755" >
<dig da="MD5"  dv="da5fa567f755a017eb4024d93a486374" />

</af>
<af id="org.eclipse.core.databinding.beans"  v="1.2.100.I20100601-0800"  p=""  ex="false"  sz="75928" >
<dig da="MD5"  dv="8e23e87ea251059115a6b0c287e8d9bb" />

</af>
<af id="org.eclipse.core.databinding.beans.nl1"  v="1.2.100.v201102251823"  p=""  ex="false"  sz="8307" >
<dig da="MD5"  dv="c11f2c528a4aa9a20192d259968fb9cc" />

</af>
<af id="org.eclipse.core.databinding.beans.nl2"  v="1.2.100.v201102251823"  p=""  ex="false"  sz="6573" >
<dig da="MD5"  dv="29ba335fd131bd00686c0db8a253053f" />

</af>
<af id="org.eclipse.core.databinding.beans.nl2a"  v="1.2.100.v201104190813"  p=""  ex="false"  sz="8424" >
<dig da="MD5"  dv="ac4ca1c5ef0397b767d06e73c9c3b1b4" />

</af>
<af id="org.eclipse.core.databinding.beans.nlBidi"  v="1.2.100.v201102251823"  p=""  ex="false"  sz="5927" >
<dig da="MD5"  dv="feb1c80c9539dfb877330a78500ba698" />

</af>
<af id="org.eclipse.core.databinding.nl1"  v="1.3.100.v201102251823"  p=""  ex="false"  sz="16615" >
<dig da="MD5"  dv="fb8cfe649d64440fbf612968b6355bec" />

</af>
<af id="org.eclipse.core.databinding.nl2"  v="1.3.100.v201102251823"  p=""  ex="false"  sz="9965" >
<dig da="MD5"  dv="47b6a7c8215fc1cf66d6d589117622b7" />

</af>
<af id="org.eclipse.core.databinding.nl2a"  v="1.3.100.v201104190813"  p=""  ex="false"  sz="17300" >
<dig da="MD5"  dv="a11650eeb5725d4924da0612f0defd55" />

</af>
<af id="org.eclipse.core.databinding.nlBidi"  v="1.3.100.v201102251823"  p=""  ex="false"  sz="7653" >
<dig da="MD5"  dv="7e4e459e997d235210ab740edc914bad" />

</af>
<af id="org.eclipse.core.databinding.observable"  v="1.3.0.I20100601-0800"  p=""  ex="false"  sz="270401" >
<dig da="MD5"  dv="b8493085c3273070272bd53d0006aba4" />

</af>
<af id="org.eclipse.core.databinding.observable.nl1"  v="1.3.0.v201102251823"  p=""  ex="false"  sz="8285" >
<dig da="MD5"  dv="2db8d31d13bdd74bc951326f9465dce8" />

</af>
<af id="org.eclipse.core.databinding.observable.nl2"  v="1.3.0.v201102251823"  p=""  ex="false"  sz="6515" >
<dig da="MD5"  dv="73464063eae8c785e498b8c255d5b947" />

</af>
<af id="org.eclipse.core.databinding.observable.nl2a"  v="1.3.0.v201104190813"  p=""  ex="false"  sz="8354" >
<dig da="MD5"  dv="0eeab2ca1ed5924f1ecadb479d0a89f6" />

</af>
<af id="org.eclipse.core.databinding.observable.nlBidi"  v="1.3.0.v201102251823"  p=""  ex="false"  sz="5905" >
<dig da="MD5"  dv="b2327f8902c94e633a6a783917603431" />

</af>
<af id="org.eclipse.core.databinding.property"  v="1.3.0.I20100601-0800"  p=""  ex="false"  sz="167679" >
<dig da="MD5"  dv="0f6778c6b9156567175245a1cbfa8067" />

</af>
<af id="org.eclipse.core.databinding.property.nl1"  v="1.3.0.v201102251823"  p=""  ex="false"  sz="8117" >
<dig da="MD5"  dv="3848a2f35d13cf15601bba167657dc01" />

</af>
<af id="org.eclipse.core.databinding.property.nl2"  v="1.3.0.v201102251823"  p=""  ex="false"  sz="6427" >
<dig da="MD5"  dv="0cafcb0908d8d9dadb837f9667a2227f" />

</af>
<af id="org.eclipse.core.databinding.property.nl2a"  v="1.3.0.v201104190813"  p=""  ex="false"  sz="8176" >
<dig da="MD5"  dv="afdd73c6a712ee316a6c2c0898f66b43" />

</af>
<af id="org.eclipse.core.databinding.property.nlBidi"  v="1.3.0.v201102251823"  p=""  ex="false"  sz="5866" >
<dig da="MD5"  dv="fdb665aafe8c66b68750c161b85b6c99" />

</af>
<af id="org.eclipse.core.net"  v="1.2.100.I20100511-0800"  p=""  ex="false"  sz="65576" >
<dig da="MD5"  dv="5a5489137621c8b7e949191363331aee" />

</af>
</cset>
</cset>
</cset>
<cset id="org.eclipse.ecf*" >
<summary  count="5"  totalSize="336977" >
<digs da="MD5"  count="5" />
</summary>
<cset v="3.*" >
<summary  count="3"  totalSize="274215" >
<digs da="MD5"  count="3" />
</summary>
<cset p="*" >
<summary  count="3"  totalSize="274215" >
<digs da="MD5"  count="3" />
</summary>
<af id="org.eclipse.ecf"  v="3.1.0.v20100906-1425"  p=""  ex="false"  sz="94416" >
<dig da="MD5"  dv="3b5f06f4b3bdf0656e70ef17f43b9c23" />

</af>
<af id="org.eclipse.ecf.identity"  v="3.1.0.v20100906-1425"  p=""  ex="false"  sz="54618" >
<dig da="MD5"  dv="88950b035f93b2f671edd7d264da578d" />

</af>
<af id="org.eclipse.ecf.provider.filetransfer"  v="3.1.0.v20100906-1425"  p=""  ex="false"  sz="125181" >
<dig da="MD5"  dv="988398fb8e2f6a42934e6ac82fc1684c" />

</af>
</cset>
</cset>
<cset v="4.*" >
<summary  count="1"  totalSize="51207" >
<digs da="MD5"  count="1" />
</summary>
<cset p="*" >
<summary  count="1"  totalSize="51207" >
<digs da="MD5"  count="1" />
</summary>
<af id="org.eclipse.ecf.filetransfer"  v="4.0.0.v20100906-1425"  p=""  ex="false"  sz="51207" >
<dig da="MD5"  dv="143a2c205935cc1ce09120046fe9420e" />

</af>
</cset>
</cset>
<cset v="1.*" >
<summary  count="1"  totalSize="11555" >
<digs da="MD5"  count="1" />
</summary>
<cset p="*" >
<summary  count="1"  totalSize="11555" >
<digs da="MD5"  count="1" />
</summary>
<af id="org.eclipse.ecf.ssl"  v="1.0.100.v20100906-1425"  p=""  ex="false"  sz="11555" >
<dig da="MD5"  dv="db20453b9c2c951fa6eaa7938676ebbf" />

</af>
</cset>
</cset>
</cset>
<cset id="org.eclipse.equinox*" >
<summary  count="62"  totalSize="3326547" >
<digs da="MD5"  count="62" />
</summary>
<cset v="1.*" >
<summary  count="37"  totalSize="1687174" >
<digs da="MD5"  count="37" />
</summary>
<cset p="*" >
<summary  count="37"  totalSize="1687174" >
<digs da="MD5"  count="37" />
</summary>
<af id="org.eclipse.equinox.app"  v="1.3.1.R36x_v20100803"  p=""  ex="false"  sz="83838" >
<dig da="MD5"  dv="4356f794478b530d664795e7af4e5abf" />

</af>
<af id="org.eclipse.equinox.app.nl1"  v="1.3.1.v201102251823"  p=""  ex="false"  sz="18909" >
<dig da="MD5"  dv="2fa35587758fa5597e1375c228e317c8" />

</af>
<af id="org.eclipse.equinox.app.nl2"  v="1.3.1.v201102251823"  p=""  ex="false"  sz="11438" >
<dig da="MD5"  dv="fbf6a9b055a0ff8ed0659785d8426998" />

</af>
<af id="org.eclipse.equinox.app.nl2a"  v="1.3.1.v201104190813"  p=""  ex="false"  sz="19948" >
<dig da="MD5"  dv="114eaf552831bff69f2bc73406de855b" />

</af>
<af id="org.eclipse.equinox.app.nlBidi"  v="1.3.1.v201102251823"  p=""  ex="false"  sz="8718" >
<dig da="MD5"  dv="9e59bf3cfb3e19f1bafa5afa34d6b052" />

</af>
<af id="org.eclipse.equinox.ds"  v="1.2.1.R36x_v20100803"  p=""  ex="false"  sz="184119" >
<dig da="MD5"  dv="3147b65d34f09e768f0efed8bc2d2306" />

</af>
<af id="org.eclipse.equinox.ds.nl1"  v="1.2.1.v201102251823"  p=""  ex="false"  sz="60133" >
<dig da="MD5"  dv="1427638fc3205c79085918a6340b29aa" />

</af>
<af id="org.eclipse.equinox.ds.nl2"  v="1.2.1.v201102251823"  p=""  ex="false"  sz="29207" >
<dig da="MD5"  dv="c22f056fcac8404bfd1d25f6e7181d53" />

</af>
<af id="org.eclipse.equinox.ds.nl2a"  v="1.2.1.v201104190813"  p=""  ex="false"  sz="65537" >
<dig da="MD5"  dv="53b1e5b315d23a0807126137690d14bc" />

</af>
<af id="org.eclipse.equinox.ds.nlBidi"  v="1.2.1.v201102251823"  p=""  ex="false"  sz="11974" >
<dig da="MD5"  dv="7b867c19fbfb953d2da6249e376c6285" />

</af>
<af id="org.eclipse.equinox.frameworkadmin.equinox"  v="1.0.200.v20100505"  p=""  ex="false"  sz="61057" >
<dig da="MD5"  dv="2868dd2c719213dea194a5bfa67219ba" />

</af>
<af id="org.eclipse.equinox.http.registry"  v="1.1.1.R36x_v20101103"  p=""  ex="false"  sz="44004" >
<dig da="MD5"  dv="d004f27c46d49754dc2f58742e403809" />

</af>
<af id="org.eclipse.equinox.http.servlet"  v="1.1.0.v20100503"  p=""  ex="false"  sz="42505" >
<dig da="MD5"  dv="d2038de5c756be1e550953452a1a9277" />

</af>
<af id="org.eclipse.equinox.jsp.jasper"  v="1.0.201.R36x_v20101103"  p=""  ex="false"  sz="24066" >
<dig da="MD5"  dv="c0a577f179f4765174916602f155e92d" />

</af>
<af id="org.eclipse.equinox.jsp.jasper.registry"  v="1.0.200.v20100503"  p=""  ex="false"  sz="11131" >
<dig da="MD5"  dv="46f65764d80fc04e9e65b12a777ea3ea" />

</af>
<af id="org.eclipse.equinox.launcher"  v="1.1.1.R36x_v20101122_1400"  p=""  ex="false"  sz="47201" >
<dig da="MD5"  dv="aeb835106bd5649d1da4f2c7d3ef3324" />

</af>
<af id="org.eclipse.equinox.launcher.nl1"  v="1.1.1.v201102251823"  p=""  ex="false"  sz="8175" >
<dig da="MD5"  dv="57bae532557d31579448bb20d88e17ec" />

</af>
<af id="org.eclipse.equinox.launcher.nl2"  v="1.1.1.v201102251823"  p=""  ex="false"  sz="6539" >
<dig da="MD5"  dv="f8678de2d0829c007279bf1d3e4f7cca" />

</af>
<af id="org.eclipse.equinox.launcher.nl2a"  v="1.1.1.v201104190813"  p=""  ex="false"  sz="8261" >
<dig da="MD5"  dv="10e89ab34282eb638941bc3d3423a9ee" />

</af>
<af id="org.eclipse.equinox.launcher.nlBidi"  v="1.1.1.v201102251823"  p=""  ex="false"  sz="5928" >
<dig da="MD5"  dv="5e5ef6f98aaa1b04235e61bae0658d98" />

</af>
<af id="org.eclipse.equinox.p2.artifact.repository"  v="1.1.1.R36x_v20100901"  p=""  ex="false"  sz="124554" >
<dig da="MD5"  dv="9ceb2d872ce46f2aade2f1f14c98ad1a" />

</af>
<af id="org.eclipse.equinox.p2.garbagecollector"  v="1.0.101.R36x_v20111020"  p=""  ex="false"  sz="24542" >
<dig da="MD5"  dv="aee52caeb1f3e22d3c4bf6deb6a0a720" />

</af>
<af id="org.eclipse.equinox.p2.jarprocessor"  v="1.0.200.v20100503a"  p=""  ex="false"  sz="66999" >
<dig da="MD5"  dv="b63c3be1e8f44c7817ab3add9d45261d" />

</af>
<af id="org.eclipse.equinox.p2.metadata.repository"  v="1.1.1.R36x_v20110302"  p=""  ex="false"  sz="108928" >
<dig da="MD5"  dv="7b1cd546042606f0c113874f18b29a86" />

</af>
<af id="org.eclipse.equinox.p2.publisher"  v="1.1.2.v20100824-2220"  p=""  ex="false"  sz="279659" >
<dig da="MD5"  dv="71fd5b340e0fb3af0cbe65938b13ad36" />

</af>
<af id="org.eclipse.equinox.p2.touchpoint.natives"  v="1.0.201.R36x_v20110111"  p=""  ex="false"  sz="49918" >
<dig da="MD5"  dv="2a1a1cedb9dd2a5d877bab5f20e514cc" />

</af>
<af id="org.eclipse.equinox.security"  v="1.0.200.v20100503"  p=""  ex="false"  sz="106100" >
<dig da="MD5"  dv="9da5bc63a5c68c04b71c600987d09106" />

</af>
<af id="org.eclipse.equinox.simpleconfigurator"  v="1.0.200.v20100503"  p=""  ex="false"  sz="39333" >
<dig da="MD5"  dv="7e352b88bf9674630ae996df197166d3" />

</af>
<af id="org.eclipse.equinox.simpleconfigurator.nl1"  v="1.0.200.v201102251823"  p=""  ex="false"  sz="8248" >
<dig da="MD5"  dv="550ae36adb1e0e8fb17e1489c65d286e" />

</af>
<af id="org.eclipse.equinox.simpleconfigurator.nl2"  v="1.0.200.v201102251823"  p=""  ex="false"  sz="6549" >
<dig da="MD5"  dv="992bcd63d818280df8fe02376260003e" />

</af>
<af id="org.eclipse.equinox.simpleconfigurator.nl2a"  v="1.0.200.v201104190813"  p=""  ex="false"  sz="8344" >
<dig da="MD5"  dv="d5e1bd8993540e2170f8bc3b77847aeb" />

</af>
<af id="org.eclipse.equinox.simpleconfigurator.nlBidi"  v="1.0.200.v201102251823"  p=""  ex="false"  sz="5927" >
<dig da="MD5"  dv="10d354cc3198e1bb8d64a3982f0103f9" />

</af>
<af id="org.eclipse.equinox.util"  v="1.0.200.v20100503"  p=""  ex="false"  sz="76822" >
<dig da="MD5"  dv="6b4dc6e647d6ab554f863f0bfa05bb5c" />

</af>
<af id="org.eclipse.equinox.util.nl1"  v="1.0.200.v201102251823"  p=""  ex="false"  sz="8227" >
<dig da="MD5"  dv="2206585693fb24a4c3bd84a0bb33389c" />

</af>
<af id="org.eclipse.equinox.util.nl2"  v="1.0.200.v201102251823"  p=""  ex="false"  sz="6520" >
<dig da="MD5"  dv="690c7a61b691cc945513edd0d140ecc9" />

</af>
<af id="org.eclipse.equinox.util.nl2a"  v="1.0.200.v201104190813"  p=""  ex="false"  sz="8195" >
<dig da="MD5"  dv="538827b0fceb6146a920ee802d68f007" />

</af>
<af id="org.eclipse.equinox.util.nlBidi"  v="1.0.200.v201102251823"  p=""  ex="false"  sz="5621" >
<dig da="MD5"  dv="c0c929ad388501cc91af72cd88781679" />

</af>
</cset>
</cset>
<cset v="3.*" >
<summary  count="15"  totalSize="609159" >
<digs da="MD5"  count="15" />
</summary>
<cset p="*" >
<summary  count="15"  totalSize="609159" >
<digs da="MD5"  count="15" />
</summary>
<af id="org.eclipse.equinox.common"  v="3.6.0.v20100503"  p=""  ex="false"  sz="101958" >
<dig da="MD5"  dv="4ba4c6bc7f0f1fa90b13e726300c65a6" />

</af>
<af id="org.eclipse.equinox.common.nl1"  v="3.6.0.v201102251823"  p=""  ex="false"  sz="21667" >
<dig da="MD5"  dv="074123358c0e43d45fb7004d6b47ce47" />

</af>
<af id="org.eclipse.equinox.common.nl2"  v="3.6.0.v201102251823"  p=""  ex="false"  sz="12057" >
<dig da="MD5"  dv="6197d1fcc78300b30f5804815fe85bcc" />

</af>
<af id="org.eclipse.equinox.common.nl2a"  v="3.6.0.v201104190813"  p=""  ex="false"  sz="22881" >
<dig da="MD5"  dv="550d73dcde990458be6cc388e785a261" />

</af>
<af id="org.eclipse.equinox.common.nlBidi"  v="3.6.0.v201102251823"  p=""  ex="false"  sz="8626" >
<dig da="MD5"  dv="46875f952527a806c2e5ccc761d5ecd9" />

</af>
<af id="org.eclipse.equinox.preferences"  v="3.3.0.v20100503"  p=""  ex="false"  sz="111095" >
<dig da="MD5"  dv="a5f040ca344e8ee36f3d21fcbdfac5c6" />

</af>
<af id="org.eclipse.equinox.preferences.nl1"  v="3.3.0.v201102251823"  p=""  ex="false"  sz="21276" >
<dig da="MD5"  dv="ff88ca1d2b4c110b38aa2c9ee3e6f961" />

</af>
<af id="org.eclipse.equinox.preferences.nl2"  v="3.3.0.v201102251823"  p=""  ex="false"  sz="12495" >
<dig da="MD5"  dv="bc4ac455e7aceec5f2bc0f1b88c4cba8" />

</af>
<af id="org.eclipse.equinox.preferences.nl2a"  v="3.3.0.v201104190813"  p=""  ex="false"  sz="22540" >
<dig da="MD5"  dv="029ad74ab39fcf4970fef701a66600d1" />

</af>
<af id="org.eclipse.equinox.preferences.nlBidi"  v="3.3.0.v201102251823"  p=""  ex="false"  sz="9380" >
<dig da="MD5"  dv="725249607b90d8dc5adb343ba11439bf" />

</af>
<af id="org.eclipse.equinox.registry"  v="3.5.0.v20100503"  p=""  ex="false"  sz="182593" >
<dig da="MD5"  dv="69b1efc9bb04d6cef4a3aa8edeee206c" />

</af>
<af id="org.eclipse.equinox.registry.nl1"  v="3.5.0.v201102251823"  p=""  ex="false"  sz="27587" >
<dig da="MD5"  dv="0d25b40b8563a29617663e5d9dde34e8" />

</af>
<af id="org.eclipse.equinox.registry.nl2"  v="3.5.0.v201102251823"  p=""  ex="false"  sz="15164" >
<dig da="MD5"  dv="4189b6efbbad7854685215a7aed0c044" />

</af>
<af id="org.eclipse.equinox.registry.nl2a"  v="3.5.0.v201104190813"  p=""  ex="false"  sz="29542" >
<dig da="MD5"  dv="4ff33c61c2f490aca84d83f3ef2da03e" />

</af>
<af id="org.eclipse.equinox.registry.nlBidi"  v="3.5.0.v201102251823"  p=""  ex="false"  sz="10298" >
<dig da="MD5"  dv="762ce5f7a9f8db6922dafbdcf15c4e85" />

</af>
</cset>
</cset>
<cset v="2.*" >
<summary  count="10"  totalSize="1030214" >
<digs da="MD5"  count="10" />
</summary>
<cset p="*" >
<summary  count="10"  totalSize="1030214" >
<digs da="MD5"  count="10" />
</summary>
<af id="org.eclipse.equinox.frameworkadmin"  v="2.0.0.v20100503"  p=""  ex="false"  sz="34984" >
<dig da="MD5"  dv="587f527fab200b2bd1ece2d49a51b203" />

</af>
<af id="org.eclipse.equinox.http.jetty"  v="2.0.0.v20100503"  p=""  ex="false"  sz="24294" >
<dig da="MD5"  dv="5e8516cbcee39756a16fe4890af76138" />

</af>
<af id="org.eclipse.equinox.p2.core"  v="2.0.3.R36x_v20110111"  p=""  ex="false"  sz="67097" >
<dig da="MD5"  dv="34f84a51fe312ebae8c37ac00e3468d9" />

</af>
<af id="org.eclipse.equinox.p2.director"  v="2.0.4.R36x_v20120223"  p=""  ex="false"  sz="97546" >
<dig da="MD5"  dv="a3c008dcdd00625dce7add62db58cc99" />

</af>
<af id="org.eclipse.equinox.p2.engine"  v="2.0.1.R36x_v20110201"  p=""  ex="false"  sz="179131" >
<dig da="MD5"  dv="30e34f864d9dd3592ef413d5356b9247" />

</af>
<af id="org.eclipse.equinox.p2.metadata"  v="2.0.1.R36x_v20101202"  p=""  ex="false"  sz="328299" >
<dig da="MD5"  dv="a69ae4c94d14e57cc74dc0ec61f776fc" />

</af>
<af id="org.eclipse.equinox.p2.ql"  v="2.0.0.v20100503a"  p=""  ex="false"  sz="7799" >
<dig da="MD5"  dv="094c1de5b1edf38b1e83644a179d95ea" />

</af>
<af id="org.eclipse.equinox.p2.repository"  v="2.0.2.R36x_v20110111-1500"  p=""  ex="false"  sz="150710" >
<dig da="MD5"  dv="5f60e46b4ad9ebd35cdfe0ef6224a82e" />

</af>
<af id="org.eclipse.equinox.p2.touchpoint.eclipse"  v="2.0.3.R36x_v20101202"  p=""  ex="false"  sz="117528" >
<dig da="MD5"  dv="1f235424f364d7866b0a56feda8d9af8" />

</af>
<af id="org.eclipse.equinox.simpleconfigurator.manipulator"  v="2.0.0.v20100503"  p=""  ex="false"  sz="22826" >
<dig da="MD5"  dv="19cd7c42bc1fc3fe7a59529f648d1042" />

</af>
</cset>
</cset>
</cset>
<cset id="org.eclipse.help*" >
<summary  count="25"  totalSize="2277533" >
<digs da="MD5"  count="25" />
</summary>
<cset v="3.*" >
<summary  count="25"  totalSize="2277533" >
<digs da="MD5"  count="25" />
</summary>
<cset p="*" >
<summary  count="25"  totalSize="2277533" >
<digs da="MD5"  count="25" />
</summary>
<af id="org.eclipse.help"  v="3.5.0.v20100524"  p=""  ex="false"  sz="257399" >
<dig da="MD5"  dv="51c0b871b7a936822a9fa370946177fa" />

</af>
<af id="org.eclipse.help.appserver"  v="3.1.400.v20100427"  p=""  ex="false"  sz="18308" >
<dig da="MD5"  dv="53de9602b77ebfaa7bdd4e85831a51f8" />

</af>
<af id="org.eclipse.help.appserver.nl1"  v="3.1.400.v201102251823"  p=""  ex="false"  sz="15220" >
<dig da="MD5"  dv="159371383ab375f148acf9d7f5df0ccb" />

</af>
<af id="org.eclipse.help.appserver.nl2"  v="3.1.400.v201102251823"  p=""  ex="false"  sz="9375" >
<dig da="MD5"  dv="a1c3ef611696c298098c1b6bf0bde321" />

</af>
<af id="org.eclipse.help.appserver.nl2a"  v="3.1.400.v201104190813"  p=""  ex="false"  sz="15932" >
<dig da="MD5"  dv="1170e9efe519f5ce7cfa88c7ca9ad586" />

</af>
<af id="org.eclipse.help.appserver.nlBidi"  v="3.1.400.v201102251823"  p=""  ex="false"  sz="7463" >
<dig da="MD5"  dv="a4489a7a2d050dc027e4c3901be65e2d" />

</af>
<af id="org.eclipse.help.base"  v="3.5.3.v201102101200"  p=""  ex="false"  sz="398757" >
<dig da="MD5"  dv="b87778a9e38ffef1ef309be4d1ea6b13" />

</af>
<af id="org.eclipse.help.base.nl1"  v="3.5.3.v201102251823"  p=""  ex="false"  sz="55845" >
<dig da="MD5"  dv="cf76a652d63c74555b30dddd7e37cdc8" />

</af>
<af id="org.eclipse.help.base.nl2"  v="3.5.3.v201102251823"  p=""  ex="false"  sz="26369" >
<dig da="MD5"  dv="8b160c357c8b700836c353832d93d4af" />

</af>
<af id="org.eclipse.help.base.nl2a"  v="3.5.3.v201104190813"  p=""  ex="false"  sz="59881" >
<dig da="MD5"  dv="dec4325b54322747dfaa5e8a347fd014" />

</af>
<af id="org.eclipse.help.base.nlBidi"  v="3.5.3.v201102251823"  p=""  ex="false"  sz="16050" >
<dig da="MD5"  dv="ce4cdcde92fa30dafb771ea93b9a6a23" />

</af>
<af id="org.eclipse.help.nl1"  v="3.5.0.v201102251823"  p=""  ex="false"  sz="10282" >
<dig da="MD5"  dv="f68f29fc346d3323b63a9a0e1ce98e2c" />

</af>
<af id="org.eclipse.help.nl2"  v="3.5.0.v201102251823"  p=""  ex="false"  sz="7768" >
<dig da="MD5"  dv="f22ad2961589b0cdec57dad7f78e1935" />

</af>
<af id="org.eclipse.help.nl2a"  v="3.5.0.v201104190813"  p=""  ex="false"  sz="10607" >
<dig da="MD5"  dv="dcb20d8d2605b12f7e7dfe5d051809ea" />

</af>
<af id="org.eclipse.help.nlBidi"  v="3.5.0.v201102251823"  p=""  ex="false"  sz="6799" >
<dig da="MD5"  dv="833dc1906b4f1898cbbe830c6c98a0df" />

</af>
<af id="org.eclipse.help.ui"  v="3.5.3.r36_20101116"  p=""  ex="false"  sz="490927" >
<dig da="MD5"  dv="9011ff717fd8827ab8a2caa39ec9d12b" />

</af>
<af id="org.eclipse.help.ui.nl1"  v="3.5.3.v201102251823"  p=""  ex="false"  sz="54546" >
<dig da="MD5"  dv="7b2ec25d19b4bbafb191454ac2cbaeb8" />

</af>
<af id="org.eclipse.help.ui.nl2"  v="3.5.3.v201102251823"  p=""  ex="false"  sz="26056" >
<dig da="MD5"  dv="51f46b3c44b653d20ce355963baf743e" />

</af>
<af id="org.eclipse.help.ui.nl2a"  v="3.5.3.v201104190813"  p=""  ex="false"  sz="58901" >
<dig da="MD5"  dv="1d05a12b7c25ed5793eb4d2a9ac06356" />

</af>
<af id="org.eclipse.help.ui.nlBidi"  v="3.5.3.v201102251823"  p=""  ex="false"  sz="19558" >
<dig da="MD5"  dv="1e7ee694d7364a04dd2a0e557c159727" />

</af>
<af id="org.eclipse.help.webapp"  v="3.5.3.r36_20101130"  p=""  ex="false"  sz="526698" >
<dig da="MD5"  dv="63331b649ef7b00b382b52857a53ba16" />

</af>
<af id="org.eclipse.help.webapp.nl1"  v="3.5.3.v201102251823"  p=""  ex="false"  sz="62550" >
<dig da="MD5"  dv="f14b01a064810d6cd52d7dc4f66e9b84" />

</af>
<af id="org.eclipse.help.webapp.nl2"  v="3.5.3.v201102251823"  p=""  ex="false"  sz="29721" >
<dig da="MD5"  dv="2aa95d32057ed3268cd858f698d6235a" />

</af>
<af id="org.eclipse.help.webapp.nl2a"  v="3.5.3.v201104190813"  p=""  ex="false"  sz="68093" >
<dig da="MD5"  dv="cbe6ec39a00ddfa4cb9706aea5b9e05c" />

</af>
<af id="org.eclipse.help.webapp.nlBidi"  v="3.5.3.v201102251823"  p=""  ex="false"  sz="24428" >
<dig da="MD5"  dv="e2aae3e4f8c3f9544be04085cf36a0fc" />

</af>
</cset>
</cset>
</cset>
<cset id="org.eclipse.jface*" >
<summary  count="10"  totalSize="1648513" >
<digs da="MD5"  count="10" />
</summary>
<cset v="3.*" >
<summary  count="5"  totalSize="1351283" >
<digs da="MD5"  count="5" />
</summary>
<cset p="*" >
<summary  count="5"  totalSize="1351283" >
<digs da="MD5"  count="5" />
</summary>
<af id="org.eclipse.jface"  v="3.6.2.M20110210-1200"  p=""  ex="false"  sz="1069483" >
<dig da="MD5"  dv="c8895ef2cee729f50c825a8604019b08" />

</af>
<af id="org.eclipse.jface.nl1"  v="3.6.2.v201102251823"  p=""  ex="false"  sz="97710" >
<dig da="MD5"  dv="5ff7cbd718f700314f1eb9f3e7493b2d" />

</af>
<af id="org.eclipse.jface.nl2"  v="3.6.2.v201102251823"  p=""  ex="false"  sz="42580" >
<dig da="MD5"  dv="1e518d6e18a7dceed41f6e726b9922ea" />

</af>
<af id="org.eclipse.jface.nl2a"  v="3.6.2.v201104190813"  p=""  ex="false"  sz="105235" >
<dig da="MD5"  dv="3f92556b3f7a1aa222df330222e7742c" />

</af>
<af id="org.eclipse.jface.nlBidi"  v="3.6.2.v201102251823"  p=""  ex="false"  sz="36275" >
<dig da="MD5"  dv="8eb9311d7000f986ed1b78bc545529d9" />

</af>
</cset>
</cset>
<cset v="1.*" >
<summary  count="5"  totalSize="297230" >
<digs da="MD5"  count="5" />
</summary>
<cset p="*" >
<summary  count="5"  totalSize="297230" >
<digs da="MD5"  count="5" />
</summary>
<af id="org.eclipse.jface.databinding"  v="1.4.0.I20100601-0800"  p=""  ex="false"  sz="268068" >
<dig da="MD5"  dv="8ff4105d44dc9619e61d4333a0963a4f" />

</af>
<af id="org.eclipse.jface.databinding.nl1"  v="1.4.0.v201102251823"  p=""  ex="false"  sz="8306" >
<dig da="MD5"  dv="77df0a5f3fa0e1885014ecdeebc77bc7" />

</af>
<af id="org.eclipse.jface.databinding.nl2"  v="1.4.0.v201102251823"  p=""  ex="false"  sz="6570" >
<dig da="MD5"  dv="6e1eec36413520aebea99e192165d408" />

</af>
<af id="org.eclipse.jface.databinding.nl2a"  v="1.4.0.v201104190813"  p=""  ex="false"  sz="8383" >
<dig da="MD5"  dv="5b7fb880c3de42406088ff4bb7c1ef2a" />

</af>
<af id="org.eclipse.jface.databinding.nlBidi"  v="1.4.0.v201102251823"  p=""  ex="false"  sz="5903" >
<dig da="MD5"  dv="48f3d52f421da40cbf3356725714ce49" />

</af>
</cset>
</cset>
</cset>
<cset id="org.eclipse.osgi*" >
<summary  count="10"  totalSize="1627549" >
<digs da="MD5"  count="10" />
</summary>
<cset v="3.*" >
<summary  count="10"  totalSize="1627549" >
<digs da="MD5"  count="10" />
</summary>
<cset p="*" >
<summary  count="10"  totalSize="1627549" >
<digs da="MD5"  count="10" />
</summary>
<af id="org.eclipse.osgi"  v="3.6.2.R36x_v20110210"  p=""  ex="false"  sz="1148372" >
<dig da="MD5"  dv="c01dfaf5d01bed94c008af79723d3d0f" />

</af>
<af id="org.eclipse.osgi.nl1"  v="3.6.2.v201102251823"  p=""  ex="false"  sz="134441" >
<dig da="MD5"  dv="08416af26f6eab4305a425ec35cf506d" />

</af>
<af id="org.eclipse.osgi.nl2"  v="3.6.2.v201102251823"  p=""  ex="false"  sz="60204" >
<dig da="MD5"  dv="5ffd570218db48a6f86932447ce56e4f" />

</af>
<af id="org.eclipse.osgi.nl2a"  v="3.6.2.v201104190813"  p=""  ex="false"  sz="145974" >
<dig da="MD5"  dv="2b587748d92012db8125fa09272edf6d" />

</af>
<af id="org.eclipse.osgi.nlBidi"  v="3.6.2.v201102251823"  p=""  ex="false"  sz="31820" >
<dig da="MD5"  dv="0b39b5c8a61ea9993a988fd263770113" />

</af>
<af id="org.eclipse.osgi.services"  v="3.2.100.v20100503"  p=""  ex="false"  sz="67437" >
<dig da="MD5"  dv="0cdc1f898c08b907e004739538927dcd" />

</af>
<af id="org.eclipse.osgi.services.nl1"  v="3.2.100.v201102251823"  p=""  ex="false"  sz="11572" >
<dig da="MD5"  dv="586b78066969e685382cc5fde2efe897" />

</af>
<af id="org.eclipse.osgi.services.nl2"  v="3.2.100.v201102251823"  p=""  ex="false"  sz="8415" >
<dig da="MD5"  dv="7b49f1e11d5c52ce8bf2186ae3e2592b" />

</af>
<af id="org.eclipse.osgi.services.nl2a"  v="3.2.100.v201104190813"  p=""  ex="false"  sz="12033" >
<dig da="MD5"  dv="27c5db73c1ecff682433e532f65a10b1" />

</af>
<af id="org.eclipse.osgi.services.nlBidi"  v="3.2.100.v201102251823"  p=""  ex="false"  sz="7281" >
<dig da="MD5"  dv="8ce99460f1cf10fadd97336757fc756d" />

</af>
</cset>
</cset>
</cset>
<cset id="org.eclipse.rcp*" >
<summary  count="5"  totalSize="52831" >
<digs da="MD5"  count="5" />
</summary>
<cset v="3.*" >
<summary  count="5"  totalSize="52831" >
<digs da="MD5"  count="5" />
</summary>
<cset p="*" >
<summary  count="5"  totalSize="52831" >
<digs da="MD5"  count="5" />
</summary>
<af id="org.eclipse.rcp"  v="3.6.0.v201102101200"  p=""  ex="false"  sz="14141" >
<dig da="MD5"  dv="3dea98f2beae670195ab4e89addb99e6" />

</af>
<af id="org.eclipse.rcp.nl1"  v="3.6.0.v201102251823"  p=""  ex="false"  sz="11748" >
<dig da="MD5"  dv="adfeff267402cbf4a00d181ecb1bbb16" />

</af>
<af id="org.eclipse.rcp.nl2"  v="3.6.0.v201102251823"  p=""  ex="false"  sz="8016" >
<dig da="MD5"  dv="f29f73a8add5d1425bb5c822b1b315d6" />

</af>
<af id="org.eclipse.rcp.nl2a"  v="3.6.0.v201104190813"  p=""  ex="false"  sz="12238" >
<dig da="MD5"  dv="ff47404abb78f9521f5c51bc73a5ad3f" />

</af>
<af id="org.eclipse.rcp.nlBidi"  v="3.6.0.v201102251823"  p=""  ex="false"  sz="6688" >
<dig da="MD5"  dv="50d1bbe06aad65a742fe774eeb53aef2" />

</af>
</cset>
</cset>
</cset>
<cset id="org.eclipse.swt*" >
<summary  count="10"  totalSize="2579784" >
<digs da="MD5"  count="10" />
</summary>
<cset v="3.*" >
<summary  count="10"  totalSize="2579784" >
<digs da="MD5"  count="10" />
</summary>
<cset p="*" >
<summary  count="10"  totalSize="2579784" >
<digs da="MD5"  count="10" />
</summary>
<af id="org.eclipse.swt"  v="3.6.2.v3659c"  p=""  ex="false"  sz="17322" >
<dig da="MD5"  dv="2f56e099e812b76f58f14cb068011c89" />

</af>
<af id="org.eclipse.swt.nl1"  v="3.6.2.v201102251823"  p=""  ex="false"  sz="10094" >
<dig da="MD5"  dv="c1216b5bb3925af17eba485e67f6f723" />

</af>
<af id="org.eclipse.swt.nl2"  v="3.6.2.v201102251823"  p=""  ex="false"  sz="8347" >
<dig da="MD5"  dv="b6a5aac05902d93083cb7e7028f51c76" />

</af>
<af id="org.eclipse.swt.nl2a"  v="3.6.2.v201104190813"  p=""  ex="false"  sz="10198" >
<dig da="MD5"  dv="2e9e807a36b8571b22e731998fb431ef" />

</af>
<af id="org.eclipse.swt.nlBidi"  v="3.6.2.v201102251823"  p=""  ex="false"  sz="7838" >
<dig da="MD5"  dv="993035c0a0dab882f1b71b493e38bd9a" />

</af>
<af id="org.eclipse.swt.win32.win32.x86"  v="3.6.2.v3659c"  p=""  ex="false"  sz="2433904" >
<dig da="MD5"  dv="feb6e0dcb56b9aed3b7c3d3646215e44" />

</af>
<af id="org.eclipse.swt.win32.win32.x86.nl1"  v="3.6.2.v201102251823"  p=""  ex="false"  sz="30264" >
<dig da="MD5"  dv="bf6db3598f87c839f4bf6b1feb573597" />

</af>
<af id="org.eclipse.swt.win32.win32.x86.nl2"  v="3.6.2.v201102251823"  p=""  ex="false"  sz="17438" >
<dig da="MD5"  dv="625c01332a30916fea639870ed919b2d" />

</af>
<af id="org.eclipse.swt.win32.win32.x86.nl2a"  v="3.6.2.v201104190813"  p=""  ex="false"  sz="31333" >
<dig da="MD5"  dv="2af62026653040babd6639c34cfada35" />

</af>
<af id="org.eclipse.swt.win32.win32.x86.nlBidi"  v="3.6.2.v201102251823"  p=""  ex="false"  sz="13046" >
<dig da="MD5"  dv="b4d9245bb392ecb595e2f027e88507fc" />

</af>
</cset>
</cset>
</cset>
<cset id="org.eclipse.ui*" >
<summary  count="20"  totalSize="6112038" >
<digs da="MD5"  count="20" />
</summary>
<cset v="3.*" >
<summary  count="20"  totalSize="6112038" >
<digs da="MD5"  count="20" />
</summary>
<cset p="*" >
<summary  count="20"  totalSize="6112038" >
<digs da="MD5"  count="20" />
</summary>
<af id="org.eclipse.ui"  v="3.6.2.M20110203-1100"  p=""  ex="false"  sz="152810" >
<dig da="MD5"  dv="249848b1b2f87fed5908cbe8adb57abc" />

</af>
<af id="org.eclipse.ui.forms"  v="3.5.2.r36_v20100702"  p=""  ex="false"  sz="299001" >
<dig da="MD5"  dv="58350712baba299b4642192169753b48" />

</af>
<af id="org.eclipse.ui.forms.nl1"  v="3.5.2.v201102251823"  p=""  ex="false"  sz="13471" >
<dig da="MD5"  dv="7581f822f5b5fd04b6dcbddc3de67cce" />

</af>
<af id="org.eclipse.ui.forms.nl2"  v="3.5.2.v201102251823"  p=""  ex="false"  sz="8670" >
<dig da="MD5"  dv="fdbf21df45f8522d09b758ca28e7df43" />

</af>
<af id="org.eclipse.ui.forms.nl2a"  v="3.5.2.v201104190813"  p=""  ex="false"  sz="14177" >
<dig da="MD5"  dv="848f1a05ecd772f5b64eaf8bde2f3490" />

</af>
<af id="org.eclipse.ui.forms.nlBidi"  v="3.5.2.v201102251823"  p=""  ex="false"  sz="7045" >
<dig da="MD5"  dv="b2498ae4d981da464709eeaade06237e" />

</af>
<af id="org.eclipse.ui.intro"  v="3.4.0.v20100427"  p=""  ex="false"  sz="308486" >
<dig da="MD5"  dv="4d198a8347dc2fb1881ae475415121c1" />

</af>
<af id="org.eclipse.ui.intro.nl1"  v="3.4.0.v201102251823"  p=""  ex="false"  sz="39102" >
<dig da="MD5"  dv="f0d4ad13224e72520bf2701faac84c13" />

</af>
<af id="org.eclipse.ui.intro.nl2"  v="3.4.0.v201102251823"  p=""  ex="false"  sz="19449" >
<dig da="MD5"  dv="ebf6506d81cd80bb19720ef88754801a" />

</af>
<af id="org.eclipse.ui.intro.nl2a"  v="3.4.0.v201104190813"  p=""  ex="false"  sz="41624" >
<dig da="MD5"  dv="ee979e74171a2b68d0f8a83d959cc6d9" />

</af>
<af id="org.eclipse.ui.intro.nlBidi"  v="3.4.0.v201102251823"  p=""  ex="false"  sz="15686" >
<dig da="MD5"  dv="b44fa282b5a3a657882bd064b3cd1d42" />

</af>
<af id="org.eclipse.ui.nl1"  v="3.6.2.v201102251823"  p=""  ex="false"  sz="59788" >
<dig da="MD5"  dv="0876fdfbe4de00068381fc1f823b4af6" />

</af>
<af id="org.eclipse.ui.nl2"  v="3.6.2.v201102251823"  p=""  ex="false"  sz="29098" >
<dig da="MD5"  dv="65883e481cfe52de7a6ee81ae75ff6e8" />

</af>
<af id="org.eclipse.ui.nl2a"  v="3.6.2.v201104190813"  p=""  ex="false"  sz="66163" >
<dig da="MD5"  dv="84e56b0023f61c702f1ce7392a786e53" />

</af>
<af id="org.eclipse.ui.nlBidi"  v="3.6.2.v201102251823"  p=""  ex="false"  sz="38183" >
<dig da="MD5"  dv="d6c365f58a5d970bc3ec5ad41782408d" />

</af>
<af id="org.eclipse.ui.workbench"  v="3.6.2.M20110210-1200"  p=""  ex="false"  sz="4133406" >
<dig da="MD5"  dv="72950c00ea714a3b525f0c8c0153c62d" />

</af>
<af id="org.eclipse.ui.workbench.nl1"  v="3.6.2.v201102251823"  p=""  ex="false"  sz="312194" >
<dig da="MD5"  dv="53ada6dd3069dfb1305d33f2d5de86ae" />

</af>
<af id="org.eclipse.ui.workbench.nl2"  v="3.6.2.v201102251823"  p=""  ex="false"  sz="135628" >
<dig da="MD5"  dv="bbf39280f597f3ee13e90e6df37770b5" />

</af>
<af id="org.eclipse.ui.workbench.nl2a"  v="3.6.2.v201104190813"  p=""  ex="false"  sz="343027" >
<dig da="MD5"  dv="3a1c438eb283ab3ae3568a17676ba735" />

</af>
<af id="org.eclipse.ui.workbench.nlBidi"  v="3.6.2.v201102251823"  p=""  ex="false"  sz="75030" >
<dig da="MD5"  dv="1e105223dcf9953e82091c592b5f24c7" />

</af>
</cset>
</cset>
</cset>
<cset id="org.eclipse.update*" >
<summary  count="11"  totalSize="1088573" >
<digs da="MD5"  count="11" />
</summary>
<cset v="3.*" >
<summary  count="11"  totalSize="1088573" >
<digs da="MD5"  count="11" />
</summary>
<cset p="*" >
<summary  count="11"  totalSize="1088573" >
<digs da="MD5"  count="11" />
</summary>
<af id="org.eclipse.update.configurator"  v="3.3.100.v20100512"  p=""  ex="false"  sz="99899" >
<dig da="MD5"  dv="faf46a08ccf61b7f2efdfc182b8bcdf7" />

</af>
<af id="org.eclipse.update.configurator.nl1"  v="3.3.100.v201102251823"  p=""  ex="false"  sz="24334" >
<dig da="MD5"  dv="794173e760e20c45ef0a49fc0215d61a" />

</af>
<af id="org.eclipse.update.configurator.nl2"  v="3.3.100.v201102251823"  p=""  ex="false"  sz="13369" >
<dig da="MD5"  dv="b4edf41842fdcd346b0b130ac967c139" />

</af>
<af id="org.eclipse.update.configurator.nl2a"  v="3.3.100.v201104190813"  p=""  ex="false"  sz="25716" >
<dig da="MD5"  dv="44ee873429934c559a224bb496a87b8b" />

</af>
<af id="org.eclipse.update.configurator.nlBidi"  v="3.3.100.v201102251823"  p=""  ex="false"  sz="9446" >
<dig da="MD5"  dv="e6677fcaf746af90b19eb72279bc2e3d" />

</af>
<af id="org.eclipse.update.core"  v="3.2.402.R36x_v20100629"  p=""  ex="false"  sz="598198" >
<dig da="MD5"  dv="24b1dcae4e1750a936def93b0c9a05c6" />

</af>
<af id="org.eclipse.update.core.nl1"  v="3.2.402.v201102251823"  p=""  ex="false"  sz="80874" >
<dig da="MD5"  dv="ba893060e825d16a115bbe99ca54093f" />

</af>
<af id="org.eclipse.update.core.nl2"  v="3.2.402.v201102251823"  p=""  ex="false"  sz="38253" >
<dig da="MD5"  dv="f30f344d14c8b562d981c8169a216714" />

</af>
<af id="org.eclipse.update.core.nl2a"  v="3.2.402.v201104190813"  p=""  ex="false"  sz="89616" >
<dig da="MD5"  dv="23d9e2589fb5006bc530f9af87cb06bf" />

</af>
<af id="org.eclipse.update.core.nlBidi"  v="3.2.402.v201102251823"  p=""  ex="false"  sz="22540" >
<dig da="MD5"  dv="b143795acd4bdabb9db496565cc2f86e" />

</af>
<af id="org.eclipse.update.core.win32"  v="3.2.200.v20100512"  p=""  ex="false"  sz="86328" >
<dig da="MD5"  dv="5346194f7fe25eec6ff05cf4ab1d65e1" />

</af>
</cset>
</cset>
</cset>
<cset id="org.mortbay.jetty*" >
<summary  count="2"  totalSize="750280" >
<digs da="MD5"  count="2" />
</summary>
<cset v="6.*" >
<summary  count="2"  totalSize="750280" >
<digs da="MD5"  count="2" />
</summary>
<cset p="*" >
<summary  count="2"  totalSize="750280" >
<digs da="MD5"  count="2" />
</summary>
<af id="org.mortbay.jetty.server"  v="6.1.23.v201004211559"  p=""  ex="false"  sz="557434" >
<dig da="MD5"  dv="e800bdb1e4d56a9fe8a87766fe40738c" />

</af>
<af id="org.mortbay.jetty.util"  v="6.1.23.v201004211559"  p=""  ex="false"  sz="192846" >
<dig da="MD5"  dv="54e05281d44ccc038b09b16bd23368e3" />

</af>
</cset>
</cset>
</cset>
<cset id="org.sat4j.core*" >
<summary  count="1"  totalSize="193845" >
<digs da="MD5"  count="1" />
</summary>
<cset v="2.*" >
<summary  count="1"  totalSize="193845" >
<digs da="MD5"  count="1" />
</summary>
<cset p="*" >
<summary  count="1"  totalSize="193845" >
<digs da="MD5"  count="1" />
</summary>
<af id="org.sat4j.core"  v="2.2.0.v20100429"  p=""  ex="false"  sz="193845" >
<dig da="MD5"  dv="02e0e62e6c55dbba2afb65fb649eda32" />

</af>
</cset>
</cset>
</cset>
<cset id="org.sat4j.pb*" >
<summary  count="1"  totalSize="121389" >
<digs da="MD5"  count="1" />
</summary>
<cset v="2.*" >
<summary  count="1"  totalSize="121389" >
<digs da="MD5"  count="1" />
</summary>
<cset p="*" >
<summary  count="1"  totalSize="121389" >
<digs da="MD5"  count="1" />
</summary>
<af id="org.sat4j.pb"  v="2.2.0.v20100429"  p=""  ex="false"  sz="121389" >
<dig da="MD5"  dv="3ded0a927f1736ba146a4b289c8eb3b9" />

</af>
</cset>
</cset>
</cset>
</cset>